"Country","category","net_flow_pc","rec_intake_adults","unit","rni_ratio","rni_ratio_zscore"
"AFG","protein",0,50,"g",0,0.138219769706077
"AFG","fattyacids",0,1.4,"g",0,0.124283556262553
"AFG","calcium",0,1300,"mg",0,0.0341419524690986
"AFG","zinc",0,11,"mg",0,0.134940438863953
"AFG","iron",0,18,"mg",0,0.141138920044454
"AFG","vita",0,900,"mcg",0,0.125349086272819
"AFG","vitaminb12",0,2.4,"mcg",0,0.13663165563251
"AGO","protein",0.0147592438770933,50,"g",0.000295184877541866,0.138648946799748
"AGO","fattyacids",0.000442229661071836,1.4,"g",0.000315878329337026,0.124709079985709
"AGO","calcium",0.00458621189548301,1300,"mg",3.5278553042177e-06,0.034442607249292
"AGO","zinc",0.000544167566149323,11,"mg",4.94697787408476e-05,0.135358416780941
"AGO","iron",0.00119641471887646,18,"mg",6.64674843820255e-05,0.141556177940097
"AGO","vita",0.00956796253702598,900,"mcg",1.06310694855844e-05,0.125803119830241
"AGO","vitaminb12",0.00513401372859099,2.4,"mcg",0.00213917238691291,0.137048769944593
"ALB","protein",0,50,"g",0,0.138219769706077
"ALB","fattyacids",0,1.4,"g",0,0.124283556262553
"ALB","calcium",0,1300,"mg",0,0.0341419524690986
"ALB","zinc",0,11,"mg",0,0.134940438863953
"ALB","iron",0,18,"mg",0,0.141138920044454
"ALB","vita",0,900,"mcg",0,0.125349086272819
"ALB","vitaminb12",0,2.4,"mcg",0,0.13663165563251
"ARE","protein",0.124442719968918,50,"g",0.00248885439937836,0.14183838088491
"ARE","fattyacids",0.00391695742294171,1.4,"g",0.00279782673067265,0.12805254430829
"ARE","calcium",0.0546683491450193,1300,"mg",4.20525762653995e-05,0.0377258035580379
"ARE","zinc",0.00475802101392708,11,"mg",0.000432547364902462,0.138595099369465
"ARE","iron",0.0103047456620331,18,"mg",0.000572485870112948,0.144732771258617
"ARE","vita",0.0804387324248503,900,"mcg",8.93763693609448e-05,0.129166187739932
"ARE","vitaminb12",0.0444511780096868,2.4,"mcg",0.0185213241707028,0.140243103423067
"ARG","protein",0.0189936203307131,50,"g",0.000379872406614263,0.13877207623612
"ARG","fattyacids",0.000604903836940361,1.4,"g",0.000432074169243115,0.124865608882502
"ARG","calcium",0.00837719275796366,1300,"mg",6.44399442920281e-06,0.034691129677802
"ARG","zinc",0.000726475209904776,11,"mg",6.60432009004342e-05,0.135498448223328
"ARG","iron",0.00160459395039813,18,"mg",8.91441083554516e-05,0.141698533265975
"ARG","vita",0.0104774649890614,900,"mcg",1.16416277656238e-05,0.125846278928344
"ARG","vitaminb12",0.00693843587317927,2.4,"mcg",0.00289101494715803,0.137195370702078
"ARM","protein",0,50,"g",0,0.138219769706077
"ARM","fattyacids",0,1.4,"g",0,0.124283556262553
"ARM","calcium",0,1300,"mg",0,0.0341419524690986
"ARM","zinc",0,11,"mg",0,0.134940438863953
"ARM","iron",0,18,"mg",0,0.141138920044454
"ARM","vita",0,900,"mcg",0,0.125349086272819
"ARM","vitaminb12",0,2.4,"mcg",0,0.13663165563251
"ATG","protein",0,50,"g",0,0.138219769706077
"ATG","fattyacids",0,1.4,"g",0,0.124283556262553
"ATG","calcium",0,1300,"mg",0,0.0341419524690986
"ATG","zinc",0,11,"mg",0,0.134940438863953
"ATG","iron",0,18,"mg",0,0.141138920044454
"ATG","vita",0,900,"mcg",0,0.125349086272819
"ATG","vitaminb12",0,2.4,"mcg",0,0.13663165563251
"AUS","protein",0.213709963325712,50,"g",0.00427419926651424,0.14443414096469
"AUS","fattyacids",0.00677415064994989,1.4,"g",0.00483867903567849,0.130801802457966
"AUS","calcium",0.0484914446921862,1300,"mg",3.73011113016817e-05,0.0373208689643329
"AUS","zinc",0.00827127254567916,11,"mg",0.000751933867789014,0.141293646009222
"AUS","iron",0.0176246115040812,18,"mg",0.000979145083560066,0.147285625021993
"AUS","vita",0.132195497763063,900,"mcg",0.000146883886403403,0.131622228740952
"AUS","vitaminb12",0.076375088995768,2.4,"mcg",0.0318229537482367,0.14283677006946
"AUT","protein",0,50,"g",0,0.138219769706077
"AUT","fattyacids",0,1.4,"g",0,0.124283556262553
"AUT","calcium",0,1300,"mg",0,0.0341419524690986
"AUT","zinc",0,11,"mg",0,0.134940438863953
"AUT","iron",0,18,"mg",0,0.141138920044454
"AUT","vita",0,900,"mcg",0,0.125349086272819
"AUT","vitaminb12",0,2.4,"mcg",0,0.13663165563251
"AZE","protein",0,50,"g",0,0.138219769706077
"AZE","fattyacids",0,1.4,"g",0,0.124283556262553
"AZE","calcium",0,1300,"mg",0,0.0341419524690986
"AZE","zinc",0,11,"mg",0,0.134940438863953
"AZE","iron",0,18,"mg",0,0.141138920044454
"AZE","vita",0,900,"mcg",0,0.125349086272819
"AZE","vitaminb12",0,2.4,"mcg",0,0.13663165563251
"BDI","protein",0,50,"g",0,0.138219769706077
"BDI","fattyacids",0,1.4,"g",0,0.124283556262553
"BDI","calcium",0,1300,"mg",0,0.0341419524690986
"BDI","zinc",0,11,"mg",0,0.134940438863953
"BDI","iron",0,18,"mg",0,0.141138920044454
"BDI","vita",0,900,"mcg",0,0.125349086272819
"BDI","vitaminb12",0,2.4,"mcg",0,0.13663165563251
"BEL","protein",0,50,"g",0,0.138219769706077
"BEL","fattyacids",0,1.4,"g",0,0.124283556262553
"BEL","calcium",0,1300,"mg",0,0.0341419524690986
"BEL","zinc",0,11,"mg",0,0.134940438863953
"BEL","iron",0,18,"mg",0,0.141138920044454
"BEL","vita",0,900,"mcg",0,0.125349086272819
"BEL","vitaminb12",0,2.4,"mcg",0,0.13663165563251
"BEN","protein",0,50,"g",0,0.138219769706077
"BEN","fattyacids",0,1.4,"g",0,0.124283556262553
"BEN","calcium",0,1300,"mg",0,0.0341419524690986
"BEN","zinc",0,11,"mg",0,0.134940438863953
"BEN","iron",0,18,"mg",0,0.141138920044454
"BEN","vita",0,900,"mcg",0,0.125349086272819
"BEN","vitaminb12",0,2.4,"mcg",0,0.13663165563251
"BFA","protein",0,50,"g",0,0.138219769706077
"BFA","fattyacids",0,1.4,"g",0,0.124283556262553
"BFA","calcium",0,1300,"mg",0,0.0341419524690986
"BFA","zinc",0,11,"mg",0,0.134940438863953
"BFA","iron",0,18,"mg",0,0.141138920044454
"BFA","vita",0,900,"mcg",0,0.125349086272819
"BFA","vitaminb12",0,2.4,"mcg",0,0.13663165563251
"BGD","protein",4.42736924840688e-05,50,"g",8.85473849681377e-07,0.138221057119905
"BGD","fattyacids",1.63106106304564e-06,1.4,"g",1.16504361646117e-06,0.124285125707657
"BGD","calcium",3.9963966890483e-05,1300,"mg",3.07415129926793e-08,0.0341445723562637
"BGD","zinc",2.37332755303748e-06,11,"mg",2.15757050276134e-07,0.1349422618291
"BGD","iron",3.30121315592715e-06,18,"mg",1.83400730884842e-07,0.141140071365341
"BGD","vita",2.61158669517791e-05,900,"mcg",2.90176299464212e-08,0.125350325562786
"BGD","vitaminb12",1.45072181293683e-05,2.4,"mcg",6.04467422057012e-06,0.136632834275309
"BGR","protein",0.00579147419123583,50,"g",0.000115829483824717,0.138388177253385
"BGR","fattyacids",0.000185866479458559,1.4,"g",0.000132761771041828,0.124462401336304
"BGR","calcium",0.00261499653478324,1300,"mg",2.0115357959871e-06,0.0343133817938418
"BGR","zinc",0.000227556715580977,11,"mg",2.06869741437252e-05,0.135115226352021
"BGR","iron",0.00049507908946717,18,"mg",2.75043938592872e-05,0.14131158229592
"BGR","vita",0.00356814097317675,900,"mcg",3.9646010813075e-06,0.125518407142666
"BGR","vitaminb12",0.00216019264691466,2.4,"mcg",0.000900080269547773,0.136807161059164
"BHR","protein",0.0469904927921383,50,"g",0.000939809855842767,0.139586184089811
"BHR","fattyacids",0.00150625938917597,1.4,"g",0.00107589956369712,0.125732914276591
"BHR","calcium",0.0239189444834932,1300,"mg",1.83991880642255e-05,0.0357099883906892
"BHR","zinc",0.00181846692825882,11,"mg",0.000165315175296256,0.136337212699931
"BHR","iron",0.00383696875850302,18,"mg",0.000213164931027945,0.142477089397072
"BHR","vita",0.030954371437615,900,"mcg",3.43937460417945e-05,0.126817980337485
"BHR","vitaminb12",0.0167079134792524,2.4,"mcg",0.00696163061635519,0.137989094510874
"BHS","protein",0.231256498441222,50,"g",0.00462512996882444,0.144944368386066
"BHS","fattyacids",0.00737849202089104,1.4,"g",0.0052703514434936,0.131383313859974
"BHS","calcium",0.114090243370688,1300,"mg",8.77617256697601e-05,0.0416212791606133
"BHS","zinc",0.00883766423153787,11,"mg",0.000803424021048897,0.141728694387297
"BHS","iron",0.0189722835988797,18,"mg",0.00105401575549332,0.147755634972072
"BHS","vita",0.151466634504275,900,"mcg",0.000168296260560306,0.132536712126137
"BHS","vitaminb12",0.0819397066143195,2.4,"mcg",0.0341415444226331,0.143288868909212
"BIH","protein",0,50,"g",0,0.138219769706077
"BIH","fattyacids",0,1.4,"g",0,0.124283556262553
"BIH","calcium",0,1300,"mg",0,0.0341419524690986
"BIH","zinc",0,11,"mg",0,0.134940438863953
"BIH","iron",0,18,"mg",0,0.141138920044454
"BIH","vita",0,900,"mcg",0,0.125349086272819
"BIH","vitaminb12",0,2.4,"mcg",0,0.13663165563251
"BLR","protein",0,50,"g",0,0.138219769706077
"BLR","fattyacids",0,1.4,"g",0,0.124283556262553
"BLR","calcium",0,1300,"mg",0,0.0341419524690986
"BLR","zinc",0,11,"mg",0,0.134940438863953
"BLR","iron",0,18,"mg",0,0.141138920044454
"BLR","vita",0,900,"mcg",0,0.125349086272819
"BLR","vitaminb12",0,2.4,"mcg",0,0.13663165563251
"BLZ","protein",-0.00442315399290887,50,"g",-8.84630798581775e-05,0.138091150896648
"BLZ","fattyacids",-0.00010508875873566,1.4,"g",-7.50633990969003e-05,0.124182437400986
"BLZ","calcium",-0.00152784193474808,1300,"mg",-1.17526302672929e-06,0.0340417929057094
"BLZ","zinc",-0.000137324915341056,11,"mg",-1.24840832128233e-05,0.134834958887498
"BLZ","iron",-0.000277551968207646,18,"mg",-1.54195537893137e-05,0.141042121878769
"BLZ","vita",-0.00325289768480732,900,"mcg",-3.61433076089703e-06,0.125194724808501
"BLZ","vitaminb12",-0.000996620823588295,2.4,"mcg",-0.000415258676495123,0.136550684908391
"BOL","protein",0,50,"g",0,0.138219769706077
"BOL","fattyacids",0,1.4,"g",0,0.124283556262553
"BOL","calcium",0,1300,"mg",0,0.0341419524690986
"BOL","zinc",0,11,"mg",0,0.134940438863953
"BOL","iron",0,18,"mg",0,0.141138920044454
"BOL","vita",0,900,"mcg",0,0.125349086272819
"BOL","vitaminb12",0,2.4,"mcg",0,0.13663165563251
"BRA","protein",0.00126246942920007,50,"g",2.52493885840014e-05,0.13825648045935
"BRA","fattyacids",3.56276735864388e-05,1.4,"g",2.54483382760277e-05,0.124317838043371
"BRA","calcium",0.000713642322445802,1300,"mg",5.48955632650617e-07,0.0341887361721811
"BRA","zinc",4.56231618551038e-05,11,"mg",4.1475601686458e-06,0.134975482250117
"BRA","iron",8.87452310557192e-05,18,"mg",4.93029061420662e-06,0.141169870556659
"BRA","vita",0.000808946755897859,900,"mcg",8.98829728775399e-07,0.125387473648598
"BRA","vitaminb12",0.000369941469647614,2.4,"mcg",0.000154142279019839,0.136661711625692
"BRB","protein",0.24189764904972,50,"g",0.0048379529809944,0.145253797387274
"BRB","fattyacids",0.00794170287268614,1.4,"g",0.00567264490906153,0.131925248514462
"BRB","calcium",0.308555720298123,1300,"mg",0.000237350554075479,0.054369703470971
"BRB","zinc",0.00918217292782954,11,"mg",0.000834742993439049,0.141993313295549
"BRB","iron",0.0201963706665279,18,"mg",0.00112202059258488,0.148182543790454
"BRB","vita",0.172179537182601,900,"mcg",0.000191310596869557,0.133519612388463
"BRB","vitaminb12",0.0828771771990708,2.4,"mcg",0.0345321571662795,0.14336503395643
"BRN","protein",0.0247865331558016,50,"g",0.000495730663116033,0.138940525616784
"BRN","fattyacids",0.000920298702921603,1.4,"g",0.000657356216372574,0.125169089199292
"BRN","calcium",0.00946861163935658,1300,"mg",7.28354741488968e-06,0.0347626789893825
"BRN","zinc",0.00104829721107574,11,"mg",9.52997464614313e-05,0.13574564136393
"BRN","iron",0.00227764076750457,18,"mg",0.000126535598194698,0.141933262991499
"BRN","vita",0.014780857974041,900,"mcg",1.64231755267123e-05,0.126050490098527
"BRN","vitaminb12",0.0100667060087267,2.4,"mcg",0.00419446083696946,0.137449527842004
"BTN","protein",0,50,"g",0,0.138219769706077
"BTN","fattyacids",0,1.4,"g",0,0.124283556262553
"BTN","calcium",0,1300,"mg",0,0.0341419524690986
"BTN","zinc",0,11,"mg",0,0.134940438863953
"BTN","iron",0,18,"mg",0,0.141138920044454
"BTN","vita",0,900,"mcg",0,0.125349086272819
"BTN","vitaminb12",0,2.4,"mcg",0,0.13663165563251
"BWA","protein",0,50,"g",0,0.138219769706077
"BWA","fattyacids",0,1.4,"g",0,0.124283556262553
"BWA","calcium",0,1300,"mg",0,0.0341419524690986
"BWA","zinc",0,11,"mg",0,0.134940438863953
"BWA","iron",0,18,"mg",0,0.141138920044454
"BWA","vita",0,900,"mcg",0,0.125349086272819
"BWA","vitaminb12",0,2.4,"mcg",0,0.13663165563251
"CAF","protein",0,50,"g",0,0.138219769706077
"CAF","fattyacids",0,1.4,"g",0,0.124283556262553
"CAF","calcium",0,1300,"mg",0,0.0341419524690986
"CAF","zinc",0,11,"mg",0,0.134940438863953
"CAF","iron",0,18,"mg",0,0.141138920044454
"CAF","vita",0,900,"mcg",0,0.125349086272819
"CAF","vitaminb12",0,2.4,"mcg",0,0.13663165563251
"CAN","protein",0.0979456153747831,50,"g",0.00195891230749566,0.141067884073887
"CAN","fattyacids",0.00273723921391505,1.4,"g",0.00195517086708218,0.126917391855237
"CAN","calcium",0.0403975483979058,1300,"mg",3.10750372291583e-05,0.0367902636048941
"CAN","zinc",0.00361350436224539,11,"mg",0.000328500396567762,0.137715990220397
"CAN","iron",0.00777184591725929,18,"mg",0.000431769217625516,0.143849404980433
"CAN","vita",0.0597226479360745,900,"mcg",6.63584977067495e-05,0.128183136489481
"CAN","vitaminb12",0.0318197550956667,2.4,"mcg",0.0132582312898611,0.139216860105859
"CHE","protein",0,50,"g",0,0.138219769706077
"CHE","fattyacids",0,1.4,"g",0,0.124283556262553
"CHE","calcium",0,1300,"mg",0,0.0341419524690986
"CHE","zinc",0,11,"mg",0,0.134940438863953
"CHE","iron",0,18,"mg",0,0.141138920044454
"CHE","vita",0,900,"mcg",0,0.125349086272819
"CHE","vitaminb12",0,2.4,"mcg",0,0.13663165563251
"CHL","protein",0.0554196453678121,50,"g",0.00110839290735624,0.139831291443186
"CHL","fattyacids",-0.000114492882444746,1.4,"g",-8.1780630317676e-05,0.124173388533201
"CHL","calcium",0.0125210250613871,1300,"mg",9.63155773952856e-06,0.0349627837179416
"CHL","zinc",0.00200170657780578,11,"mg",0.000181973325255071,0.136477960020778
"CHL","iron",0.00528414768366245,18,"mg",0.000293563760203469,0.142981803041433
"CHL","vita",0.0121791557601644,900,"mcg",1.35323952890716e-05,0.125927030155311
"CHL","vitaminb12",0.017922542435896,2.4,"mcg",0.00746772601495668,0.138087777363798
"CHN","protein",-0.0116942921296784,50,"g",-0.000233885842593568,0.137879716899134
"CHN","fattyacids",-0.00113650271016292,1.4,"g",-0.000811787650116369,0.12318998677327
"CHN","calcium",-0.028111840828492,1300,"mg",-2.16244929449939e-05,0.032299046053578
"CHN","zinc",-0.000615134762253353,11,"mg",-5.59213420230321e-05,0.134467950677248
"CHN","iron",-0.000850124425751782,18,"mg",-4.72291347639879e-05,0.140842433280018
"CHN","vita",-0.0204231951639411,900,"mcg",-2.26924390710457e-05,0.124379933653511
"CHN","vitaminb12",-0.00651290454310457,2.4,"mcg",-0.00271371022629357,0.136102512969132
"CIV","protein",0.0017552442694945,50,"g",3.51048853898899e-05,0.138270809626586
"CIV","fattyacids",3.62666523392306e-05,1.4,"g",2.5904751670879e-05,0.124318452883672
"CIV","calcium",0.00131907883556156,1300,"mg",1.01467602735505e-06,0.034228426309907
"CIV","zinc",5.43012387022881e-05,11,"mg",4.93647624566255e-06,0.134982147925747
"CIV","iron",8.48281487679882e-05,18,"mg",4.7126749315549e-06,0.14116850444716
"CIV","vita",0.00133595805657476,900,"mcg",1.48439784063862e-06,0.125412482192969
"CIV","vitaminb12",0.000329635250019046,2.4,"mcg",0.000137348020841269,0.136658436936148
"CMR","protein",0,50,"g",0,0.138219769706077
"CMR","fattyacids",0,1.4,"g",0,0.124283556262553
"CMR","calcium",0,1300,"mg",0,0.0341419524690986
"CMR","zinc",0,11,"mg",0,0.134940438863953
"CMR","iron",0,18,"mg",0,0.141138920044454
"CMR","vita",0,900,"mcg",0,0.125349086272819
"CMR","vitaminb12",0,2.4,"mcg",0,0.13663165563251
"COD","protein",0,50,"g",0,0.138219769706077
"COD","fattyacids",0,1.4,"g",0,0.124283556262553
"COD","calcium",0,1300,"mg",0,0.0341419524690986
"COD","zinc",0,11,"mg",0,0.134940438863953
"COD","iron",0,18,"mg",0,0.141138920044454
"COD","vita",0,900,"mcg",0,0.125349086272819
"COD","vitaminb12",0,2.4,"mcg",0,0.13663165563251
"COG","protein",0.0005062628456347,50,"g",1.0125256912694e-05,0.13823449108466
"COG","fattyacids",1.42951962866065e-05,1.4,"g",1.02108544904332e-05,0.12429731143477
"COG","calcium",6.66749374782662e-05,1300,"mg",5.12884134448202e-08,0.0341463234269019
"COG","zinc",1.97238776176045e-05,11,"mg",1.79307978341859e-06,0.134955588876182
"COG","iron",4.76224997411779e-05,18,"mg",2.64569443006544e-06,0.14115552872012
"COG","vita",0.000267596825173014,900,"mcg",2.97329805747794e-07,0.125361784685676
"COG","vitaminb12",0.000205251564239603,2.4,"mcg",8.55214850998344e-05,0.136648331350486
"COL","protein",0.0121726278827376,50,"g",0.000243452557654752,0.138573731812846
"COL","fattyacids",0.000327200823715115,1.4,"g",0.000233714874082225,0.124598396548004
"COL","calcium",0.0106290606598006,1300,"mg",8.17620050753896e-06,0.0348387536569117
"COL","zinc",0.000406165759918062,11,"mg",3.6924159992551e-05,0.135252416881099
"COL","iron",0.000658219343854941,18,"mg",3.65677413252745e-05,0.141368478586284
"COL","vita",0.00950551043,900,"mcg",1.05616782555556e-05,0.125800156257567
"COL","vitaminb12",0.00261142636989639,2.4,"mcg",0.00108809432079016,0.136843821663109
"COM","protein",0,50,"g",0,0.138219769706077
"COM","fattyacids",0,1.4,"g",0,0.124283556262553
"COM","calcium",0,1300,"mg",0,0.0341419524690986
"COM","zinc",0,11,"mg",0,0.134940438863953
"COM","iron",0,18,"mg",0,0.141138920044454
"COM","vita",0,900,"mcg",0,0.125349086272819
"COM","vitaminb12",0,2.4,"mcg",0,0.13663165563251
"CPV","protein",0.0634738397824092,50,"g",0.00126947679564818,0.14006549556499
"CPV","fattyacids",0.00206971845023431,1.4,"g",0.00147837032159594,0.126275087763837
"CPV","calcium",0.0504127009948693,1300,"mg",3.8779000765284e-05,0.0374468192920854
"CPV","zinc",0.00245259705507634,11,"mg",0.000222963368643303,0.136824291324227
"CPV","iron",0.00506363601081105,18,"mg",0.000281313111711725,0.142904898072673
"CPV","vita",0.0475682193181335,900,"mcg",5.28535770201484e-05,0.127606365997072
"CPV","vitaminb12",0.0227233823064802,2.4,"mcg",0.00946807596103343,0.138477822877095
"CRI","protein",0.0520147150022165,50,"g",0.00104029430004433,0.139732281078521
"CRI","fattyacids",0.00120314171059792,1.4,"g",0.000859386936141371,0.125441247356669
"CRI","calcium",0.0237574534491813,1300,"mg",1.82749641916779e-05,0.035699401646655
"CRI","zinc",0.00169347930497758,11,"mg",0.00015395266408887,0.136241209061203
"CRI","iron",0.0033047409661839,18,"mg",0.00018359672034355,0.142291471278938
"CRI","vita",0.0367328414708488,900,"mcg",4.08142683009431e-05,0.127092189114483
"CRI","vitaminb12",0.0131984534958774,2.4,"mcg",0.00549935562328227,0.137703967500287
"CUB","protein",0,50,"g",0,0.138219769706077
"CUB","fattyacids",0,1.4,"g",0,0.124283556262553
"CUB","calcium",0,1300,"mg",0,0.0341419524690986
"CUB","zinc",0,11,"mg",0,0.134940438863953
"CUB","iron",0,18,"mg",0,0.141138920044454
"CUB","vita",0,900,"mcg",0,0.125349086272819
"CUB","vitaminb12",0,2.4,"mcg",0,0.13663165563251
"CYP","protein",0,50,"g",0,0.138219769706077
"CYP","fattyacids",0,1.4,"g",0,0.124283556262553
"CYP","calcium",0,1300,"mg",0,0.0341419524690986
"CYP","zinc",0,11,"mg",0,0.134940438863953
"CYP","iron",0,18,"mg",0,0.141138920044454
"CYP","vita",0,900,"mcg",0,0.125349086272819
"CYP","vitaminb12",0,2.4,"mcg",0,0.13663165563251
"CZE","protein",0,50,"g",0,0.138219769706077
"CZE","fattyacids",0,1.4,"g",0,0.124283556262553
"CZE","calcium",0,1300,"mg",0,0.0341419524690986
"CZE","zinc",0,11,"mg",0,0.134940438863953
"CZE","iron",0,18,"mg",0,0.141138920044454
"CZE","vita",0,900,"mcg",0,0.125349086272819
"CZE","vitaminb12",0,2.4,"mcg",0,0.13663165563251
"DEU","protein",0.0860752281937266,50,"g",0.00172150456387453,0.140722710681975
"DEU","fattyacids",0.00277762124948263,1.4,"g",0.00198401517820188,0.126956248394352
"DEU","calcium",0.0409905171954176,1300,"mg",3.15311670733982e-05,0.0368291364061385
"DEU","zinc",0.00336204980644371,11,"mg",0.000305640891494883,0.137522846677876
"DEU","iron",0.00729839797336992,18,"mg",0.000405466554076106,0.143684286740372
"DEU","vita",0.0563086073778578,900,"mcg",6.25651193087308e-05,0.128021128227656
"DEU","vitaminb12",0.0316934383185472,2.4,"mcg",0.0132055992993947,0.139206597465676
"DJI","protein",0,50,"g",0,0.138219769706077
"DJI","fattyacids",0,1.4,"g",0,0.124283556262553
"DJI","calcium",0,1300,"mg",0,0.0341419524690986
"DJI","zinc",0,11,"mg",0,0.134940438863953
"DJI","iron",0,18,"mg",0,0.141138920044454
"DJI","vita",0,900,"mcg",0,0.125349086272819
"DJI","vitaminb12",0,2.4,"mcg",0,0.13663165563251
"DMA","protein",0.0675648573856414,50,"g",0.00135129714771283,0.140184456336946
"DMA","fattyacids",0.00237604376746255,1.4,"g",0.00169717411961611,0.12656984114869
"DMA","calcium",0.0324136421109478,1300,"mg",2.49335708545752e-05,0.036266868776113
"DMA","zinc",0.00277021935773073,11,"mg",0.000251838123430067,0.137068258654717
"DMA","iron",0.00608991549626864,18,"mg",0.000338328638681591,0.143262820130708
"DMA","vita",0.0430272412605202,900,"mcg",4.78080458450225e-05,0.127390880577507
"DMA","vitaminb12",0.0269462997898774,2.4,"mcg",0.0112276249124489,0.138820914932199
"DNK","protein",0.0504698224449067,50,"g",0.00100939644889813,0.139687357876269
"DNK","fattyacids",0.000798977750382815,1.4,"g",0.000570698393130582,0.125052351341194
"DNK","calcium",0.0141355702380136,1300,"mg",1.08735155677028e-05,0.0350686272193439
"DNK","zinc",0.00209477710373974,11,"mg",0.000190434282158158,0.136549447972253
"DNK","iron",0.00480015521378817,18,"mg",0.000266675289654898,0.142813007325114
"DNK","vita",0.0178819874103934,900,"mcg",1.98688749004371e-05,0.126197649624348
"DNK","vitaminb12",0.0192644333304084,2.4,"mcg",0.00802684722100349,0.138196799646742
"DOM","protein",0,50,"g",0,0.138219769706077
"DOM","fattyacids",0,1.4,"g",0,0.124283556262553
"DOM","calcium",0,1300,"mg",0,0.0341419524690986
"DOM","zinc",0,11,"mg",0,0.134940438863953
"DOM","iron",0,18,"mg",0,0.141138920044454
"DOM","vita",0,900,"mcg",0,0.125349086272819
"DOM","vitaminb12",0,2.4,"mcg",0,0.13663165563251
"DZA","protein",0,50,"g",0,0.138219769706077
"DZA","fattyacids",0,1.4,"g",0,0.124283556262553
"DZA","calcium",0,1300,"mg",0,0.0341419524690986
"DZA","zinc",0,11,"mg",0,0.134940438863953
"DZA","iron",0,18,"mg",0,0.141138920044454
"DZA","vita",0,900,"mcg",0,0.125349086272819
"DZA","vitaminb12",0,2.4,"mcg",0,0.13663165563251
"ECU","protein",0.0164803404561365,50,"g",0.000329606809122729,0.138698993755667
"ECU","fattyacids",0.000302238970856575,1.4,"g",0.000215884979183268,0.124574377669353
"ECU","calcium",0.00585864851874447,1300,"mg",4.50665270672652e-06,0.0345260234023166
"ECU","zinc",0.000526443588273172,11,"mg",4.78585080248338e-05,0.135344802902029
"ECU","iron",0.00111995041840827,18,"mg",6.22194676893484e-05,0.141529510487247
"ECU","vita",0.0102785592579607,900,"mcg",1.14206213977341e-05,0.125836840150095
"ECU","vitaminb12",0.00435951975301426,2.4,"mcg",0.00181646656375594,0.136985845975373
"EGY","protein",0.0583206566191584,50,"g",0.00116641313238317,0.139915648581528
"EGY","fattyacids",0.00186657007203957,1.4,"g",0.00133326433717112,0.126079613642918
"EGY","calcium",0.0267948785011848,1300,"mg",2.06114450009114e-05,0.0358985237941213
"EGY","zinc",0.00225358343436026,11,"mg",0.000204871221305478,0.136671427934688
"EGY","iron",0.00488734348170775,18,"mg",0.000271519082317097,0.142843414835673
"EGY","vita",0.0375064227858516,900,"mcg",4.16738030953907e-05,0.127128898275399
"EGY","vitaminb12",0.0211368505897042,2.4,"mcg",0.00880702107904341,0.138348924685422
"ERI","protein",0,50,"g",0,0.138219769706077
"ERI","fattyacids",0,1.4,"g",0,0.124283556262553
"ERI","calcium",0,1300,"mg",0,0.0341419524690986
"ERI","zinc",0,11,"mg",0,0.134940438863953
"ERI","iron",0,18,"mg",0,0.141138920044454
"ERI","vita",0,900,"mcg",0,0.125349086272819
"ERI","vitaminb12",0,2.4,"mcg",0,0.13663165563251
"ESP","protein",0.139783410073794,50,"g",0.00279566820147589,0.142284465579285
"ESP","fattyacids",0.00374684208484102,1.4,"g",0.00267631577488645,0.127888855351157
"ESP","calcium",0.0723352752952272,1300,"mg",5.56425194578671e-05,0.0388839807027999
"ESP","zinc",0.0048377200389085,11,"mg",0.000439792730809864,0.138656316602024
"ESP","iron",0.00969304442627148,18,"mg",0.000538502468126193,0.144519436228239
"ESP","vita",0.0970201280935162,900,"mcg",0.000107800142326129,0.129953033427646
"ESP","vitaminb12",0.0404733342897757,2.4,"mcg",0.0168638892874066,0.139919922451117
"EST","protein",0.0232436956942578,50,"g",0.000464873913885155,0.138895662173693
"EST","fattyacids",0.00068291728367165,1.4,"g",0.000487798059765464,0.124940675245596
"EST","calcium",0.0113117013567092,1300,"mg",8.70130873593016e-06,0.0348835050101761
"EST","zinc",0.000883226155634774,11,"mg",8.02932868758885e-05,0.135618849434017
"EST","iron",0.00187809262444564,18,"mg",0.000104338479135869,0.141793917817329
"EST","vita",0.0112625658020275,900,"mcg",1.25139620022528e-05,0.125883534730054
"EST","vitaminb12",0.00796509212140701,2.4,"mcg",0.00331878838391959,0.137278781662267
"ETH","protein",0,50,"g",0,0.138219769706077
"ETH","fattyacids",0,1.4,"g",0,0.124283556262553
"ETH","calcium",0,1300,"mg",0,0.0341419524690986
"ETH","zinc",0,11,"mg",0,0.134940438863953
"ETH","iron",0,18,"mg",0,0.141138920044454
"ETH","vita",0,900,"mcg",0,0.125349086272819
"ETH","vitaminb12",0,2.4,"mcg",0,0.13663165563251
"FIN","protein",0.107841087641572,50,"g",0.00215682175283144,0.141355629846186
"FIN","fattyacids",0.0034367179500015,1.4,"g",0.00245479853571536,0.127590446655147
"FIN","calcium",0.0500397216369269,1300,"mg",3.84920935668668e-05,0.037422368170019
"FIN","zinc",0.00416351576873377,11,"mg",0.000378501433521252,0.13813845682132
"FIN","iron",0.00898415954400751,18,"mg",0.000499119974667084,0.144272207729994
"FIN","vita",0.0698060942531354,900,"mcg",7.75623269479282e-05,0.128661631569776
"FIN","vitaminb12",0.0388613462435341,2.4,"mcg",0.0161922276014725,0.13978895605318
"FJI","protein",7.70957930987733,50,"g",0.154191586197547,0.362402991366551
"FJI","fattyacids",1.01266552476347,1.4,"g",0.72333251768819,1.09869400933734
"FJI","calcium",56.4268176570361,1300,"mg",0.0434052443515663,3.73327161466361
"FJI","zinc",0.636080462402594,11,"mg",0.057825496582054,0.623517125992101
"FJI","iron",1.03052180034804,18,"mg",0.0572512111304464,0.500540514694891
"FJI","vita",19.5486329291886,900,"mcg",0.021720703254654,1.05300064398195
"FJI","vitaminb12",7.88328941740907,2.4,"mcg",3.28470392392045,0.777111602926991
"FRA","protein",0.0477539735421555,50,"g",0.00095507947084311,0.139608384986557
"FRA","fattyacids",0.00154765984793038,1.4,"g",0.00110547131995027,0.125772750766316
"FRA","calcium",0.0332111481354334,1300,"mg",2.55470370272565e-05,0.0363191502676705
"FRA","zinc",0.00180774072336181,11,"mg",0.000164340065760165,0.136328973846573
"FRA","iron",0.00373255696456283,18,"mg",0.000207364275809046,0.142440675062868
"FRA","vita",0.034033839151975,900,"mcg",3.78153768355278e-05,0.126964111938221
"FRA","vitaminb12",0.0161104306613402,2.4,"mcg",0.00671267944222507,0.13794055186028
"FSM","protein",-93.0687842256173,50,"g",-1.86137568451235,-2.56808352455945
"FSM","fattyacids",-2.87702453660853,1.4,"g",-2.05501752614895,-2.64405674334309
"FSM","calcium",-28.0154351228827,1300,"mg",-0.0215503347099098,-1.8024444680557
"FSM","zinc",-3.66378292180869,11,"mg",-0.333071174709881,-2.67923013875867
"FSM","iron",-8.43404859353599,18,"mg",-0.468558255196444,-2.80029377245403
"FSM","vita",-55.8607718767739,900,"mcg",-0.0620675243075266,-2.52544149504455
"FSM","vitaminb12",-36.492455351926,2.4,"mcg",-15.2051897299692,-2.82820759393668
"GAB","protein",0.000580853562397899,50,"g",1.1617071247958e-05,0.138236660072943
"GAB","fattyacids",2.98074559384887e-05,1.4,"g",2.12910399560633e-05,0.124312237693822
"GAB","calcium",0.000327366096065327,1300,"mg",2.51820073896405e-07,0.0341634133574959
"GAB","zinc",2.39681594043894e-05,11,"mg",2.17892358221722e-06,0.134958848930934
"GAB","iron",5.24805140292027e-05,18,"mg",2.91558411273348e-06,0.141157222986152
"GAB","vita",0.000375880295575845,900,"mcg",4.1764477286205e-07,0.125366923118136
"GAB","vitaminb12",0.000265349000267786,2.4,"mcg",0.000110562083444911,0.136653213982674
"GBR","protein",0.0617416790252431,50,"g",0.00123483358050486,0.140015126879051
"GBR","fattyacids",0.00190606085492607,1.4,"g",0.00136147203923291,0.126117612597858
"GBR","calcium",0.0332348799183549,1300,"mg",2.55652922448884e-05,0.036320706033985
"GBR","zinc",0.00238910964400801,11,"mg",0.00021719178581891,0.136775526316013
"GBR","iron",0.00513424032459661,18,"mg",0.0002852355735887,0.142929521814699
"GBR","vita",0.0396121558319658,900,"mcg",4.4013506479962e-05,0.127228822732901
"GBR","vitaminb12",0.0221794540449821,2.4,"mcg",0.00924143918540919,0.138433631280693
"GEO","protein",0,50,"g",0,0.138219769706077
"GEO","fattyacids",0,1.4,"g",0,0.124283556262553
"GEO","calcium",0,1300,"mg",0,0.0341419524690986
"GEO","zinc",0,11,"mg",0,0.134940438863953
"GEO","iron",0,18,"mg",0,0.141138920044454
"GEO","vita",0,900,"mcg",0,0.125349086272819
"GEO","vitaminb12",0,2.4,"mcg",0,0.13663165563251
"GHA","protein",0.00298748085791961,50,"g",5.97496171583921e-05,0.138306641253337
"GHA","fattyacids",0.000109730106268284,1.4,"g",7.83786473344885e-05,0.124389141137273
"GHA","calcium",0.00216930184974039,1300,"mg",1.66869373056953e-06,0.0342841637287766
"GHA","zinc",0.000110037142571756,11,"mg",1.00033765974323e-05,0.135024958961262
"GHA","iron",0.00022927690866195,18,"mg",1.2737606036775e-05,0.141218881949736
"GHA","vita",0.00202788455346055,900,"mcg",2.25320505940061e-06,0.125445316544864
"GHA","vitaminb12",0.00106100635352234,2.4,"mcg",0.000442085980634309,0.136717857376148
"GIN","protein",0.00107544100886079,50,"g",2.15088201772158e-05,0.1382510419481
"GIN","fattyacids",3.54406758478463e-05,1.4,"g",2.53147684627473e-05,0.124317658109773
"GIN","calcium",0.000381551139451196,1300,"mg",2.9350087650092e-07,0.0341669655248794
"GIN","zinc",4.22612862313993e-05,11,"mg",3.84193511194539e-06,0.134972899976094
"GIN","iron",9.43363167907212e-05,18,"mg",5.2409064883734e-06,0.141171820486421
"GIN","vita",0.000684191277673062,900,"mcg",7.60212530747847e-07,0.125381553561289
"GIN","vitaminb12",0.000414419267807671,2.4,"mcg",0.000172674694919863,0.136665325236244
"GMB","protein",-0.0124557292197234,50,"g",-0.000249114584394468,0.137857575429013
"GMB","fattyacids",-0.00114415751959587,1.4,"g",-0.000817255371139906,0.123182621136596
"GMB","calcium",-0.104945836188143,1300,"mg",-8.07275662985717e-05,0.0272620986746332
"GMB","zinc",-0.00119323914198063,11,"mg",-0.000108476285634603,0.134023905718542
"GMB","iron",-0.00102352093062511,18,"mg",-5.68622739236175e-05,0.140781960051468
"GMB","vita",0.000250437434909593,900,"mcg",2.78263816566215e-07,0.125360970412106
"GMB","vitaminb12",-0.00348770541001195,2.4,"mcg",-0.00145321058750498,0.136348296078026
"GNB","protein",0,50,"g",0,0.138219769706077
"GNB","fattyacids",0,1.4,"g",0,0.124283556262553
"GNB","calcium",0,1300,"mg",0,0.0341419524690986
"GNB","zinc",0,11,"mg",0,0.134940438863953
"GNB","iron",0,18,"mg",0,0.141138920044454
"GNB","vita",0,900,"mcg",0,0.125349086272819
"GNB","vitaminb12",0,2.4,"mcg",0,0.13663165563251
"GNQ","protein",0,50,"g",0,0.138219769706077
"GNQ","fattyacids",0,1.4,"g",0,0.124283556262553
"GNQ","calcium",0,1300,"mg",0,0.0341419524690986
"GNQ","zinc",0,11,"mg",0,0.134940438863953
"GNQ","iron",0,18,"mg",0,0.141138920044454
"GNQ","vita",0,900,"mcg",0,0.125349086272819
"GNQ","vitaminb12",0,2.4,"mcg",0,0.13663165563251
"GRC","protein",0.0497629005392126,50,"g",0.000995258010784252,0.139666801627489
"GRC","fattyacids",0.00151388437406396,1.4,"g",0.00108134598147426,0.12574025121539
"GRC","calcium",0.0224049677163726,1300,"mg",1.72345905510558e-05,0.0356107377754734
"GRC","zinc",0.00188762417581606,11,"mg",0.00017160219780146,0.136390332738825
"GRC","iron",0.00399649073586345,18,"mg",0.000222027263103525,0.142532723788334
"GRC","vita",0.0326535005192412,900,"mcg",3.62816672436013e-05,0.126898610003254
"GRC","vitaminb12",0.0171304224806713,2.4,"mcg",0.00713767603361302,0.138023421367169
"GRD","protein",0.0338820857089487,50,"g",0.000677641714178974,0.139205010900895
"GRD","fattyacids",0.00125794073353692,1.4,"g",0.000898529095383517,0.125493976258231
"GRD","calcium",0.0169526541300358,1300,"mg",1.30405031769506e-05,0.0352533046301667
"GRD","zinc",0.00141930979812528,11,"mg",0.000129028163465934,0.136030618047507
"GRD","iron",0.00313854634786301,18,"mg",0.000174363685992389,0.142233509758059
"GRD","vita",0.0216347228906202,900,"mcg",2.4038580989578e-05,0.126375730154404
"GRD","vitaminb12",0.0138753294146086,2.4,"mcg",0.00578138725608691,0.137758960464492
"GTM","protein",0.00427431671537877,50,"g",8.54863343075755e-05,0.138344060546489
"GTM","fattyacids",0.00011277899990156,1.4,"g",8.05564285011139e-05,0.124392074854037
"GTM","calcium",0.00198841217480359,1300,"mg",1.52954782677199e-06,0.0342723052829183
"GTM","zinc",0.000149816148748241,11,"mg",1.36196498862037e-05,0.135055513421278
"GTM","iron",0.000304487833457765,18,"mg",1.69159907476536e-05,0.141245112279165
"GTM","vita",0.00291466888030739,900,"mcg",3.23852097811932e-06,0.125487397587826
"GTM","vitaminb12",0.00127443621641183,2.4,"mcg",0.000531015090171597,0.136735197542174
"GUY","protein",0.0299333943422055,50,"g",0.00059866788684411,0.139090188766462
"GUY","fattyacids",0.00104721732241122,1.4,"g",0.00074801237315087,0.125291213263454
"GUY","calcium",0.0112264199542229,1300,"mg",8.63570765709457e-06,0.0348779142825988
"GUY","zinc",0.00123059029228484,11,"mg",0.000111871844753167,0.13588566162075
"GUY","iron",0.00278204865470495,18,"mg",0.000154558258594719,0.142109178725599
"GUY","vita",0.0184430491326194,900,"mcg",2.04922768140216e-05,0.126224273981277
"GUY","vitaminb12",0.0123103726176091,2.4,"mcg",0.00512932192400378,0.137631815132919
"HND","protein",0.00298099094592593,50,"g",5.96198189185186e-05,0.138306452536247
"HND","fattyacids",9.91733052621708e-05,1.4,"g",7.08380751872648e-05,0.124378983136433
"HND","calcium",0.00142704217186696,1300,"mg",1.09772474758997e-06,0.0342355039796453
"HND","zinc",0.000115527438465219,11,"mg",1.0502494405929e-05,0.135029176085883
"HND","iron",0.000255796442819146,18,"mg",1.42109134899526e-05,0.141228130820417
"HND","vita",0.00195107720574337,900,"mcg",2.16786356193708e-06,0.125441671765405
"HND","vitaminb12",0.00111299598037189,2.4,"mcg",0.000463748325154953,0.136722081287221
"HRV","protein",0.0794625843870532,50,"g",0.00158925168774106,0.140530424730604
"HRV","fattyacids",0.00240151914624905,1.4,"g",0.00171537081874932,0.126594354154
"HRV","calcium",0.0339650233061282,1300,"mg",2.6126941004714e-05,0.0363685714847673
"HRV","zinc",0.00301303204090127,11,"mg",0.000273912003718297,0.137254764330254
"HRV","iron",0.00645766780011773,18,"mg",0.000358759322228763,0.143391076286371
"HRV","vita",0.0512747219679508,900,"mcg",5.69719132977231e-05,0.127782252616316
"HRV","vitaminb12",0.0276120841749713,2.4,"mcg",0.0115050350729047,0.138875006761801
"HTI","protein",0,50,"g",0,0.138219769706077
"HTI","fattyacids",0,1.4,"g",0,0.124283556262553
"HTI","calcium",0,1300,"mg",0,0.0341419524690986
"HTI","zinc",0,11,"mg",0,0.134940438863953
"HTI","iron",0,18,"mg",0,0.141138920044454
"HTI","vita",0,900,"mcg",0,0.125349086272819
"HTI","vitaminb12",0,2.4,"mcg",0,0.13663165563251
"HUN","protein",0,50,"g",0,0.138219769706077
"HUN","fattyacids",0,1.4,"g",0,0.124283556262553
"HUN","calcium",0,1300,"mg",0,0.0341419524690986
"HUN","zinc",0,11,"mg",0,0.134940438863953
"HUN","iron",0,18,"mg",0,0.141138920044454
"HUN","vita",0,900,"mcg",0,0.125349086272819
"HUN","vitaminb12",0,2.4,"mcg",0,0.13663165563251
"IDN","protein",-0.001885090206578,50,"g",-3.770180413156e-05,0.138164954056786
"IDN","fattyacids",-8.19205410974312e-05,1.4,"g",-5.85146722124509e-05,0.124204730401877
"IDN","calcium",-0.00948707765907742,1300,"mg",-7.29775204544417e-06,0.0335200153861049
"IDN","zinc",-9.82779903695784e-05,11,"mg",-8.93436276087076e-06,0.134864951032161
"IDN","iron",-0.000189911699647071,18,"mg",-1.05506499803928e-05,0.141072687027673
"IDN","vita",-0.00375585283852543,900,"mcg",-4.17316982058382e-06,0.125170857813121
"IDN","vitaminb12",-0.000678682277533109,2.4,"mcg",-0.000282784282305462,0.136576515910202
"IND","protein",-0.000290748675792189,50,"g",-5.81497351584378e-06,0.138211315162422
"IND","fattyacids",-8.5782581242621e-06,1.4,"g",-6.12732723161579e-06,0.12427530206195
"IND","calcium",-0.00140873596815778,1300,"mg",-1.08364305242906e-06,0.034049601044326
"IND","zinc",-1.22955115462886e-05,11,"mg",-1.11777377693533e-06,0.134930994618055
"IND","iron",-1.70946167502414e-05,18,"mg",-9.49700930568965e-07,0.141132958178807
"IND","vita",-0.000325494043387921,900,"mcg",-3.61660048208801e-07,0.125333640432823
"IND","vitaminb12",-4.69436310801217e-05,2.4,"mcg",-1.9559846283384e-05,0.136627841684706
"IRL","protein",0.035914063748761,50,"g",0.00071828127497522,0.13926409783223
"IRL","fattyacids",0.000390436431700571,1.4,"g",0.000278883165500408,0.12465924332902
"IRL","calcium",0.00611219261684407,1300,"mg",4.7016866283416e-06,0.0345426447985409
"IRL","zinc",0.00145360755704275,11,"mg",0.000132146141549341,0.136056962333204
"IRL","iron",0.00320581211283181,18,"mg",0.000178100672935101,0.142256969158129
"IRL","vita",0.0115263847670722,900,"mcg",1.28070941856357e-05,0.125896053870127
"IRL","vitaminb12",0.0130450197693132,2.4,"mcg",0.00543542490388051,0.137691501736327
"IRN","protein",0.00580861265075413,50,"g",0.000116172253015083,0.138388675614568
"IRN","fattyacids",0.000189065895156237,1.4,"g",0.000135047067968741,0.124465479888919
"IRN","calcium",0.00224919643562838,1300,"mg",1.73015110432953e-06,0.0342894013169444
"IRN","zinc",0.000231732248472268,11,"mg",2.10665680429334e-05,0.135118433600392
"IRN","iron",0.000503021074192306,18,"mg",2.79456152329059e-05,0.14131435211794
"IRN","vita",0.00356724380143223,900,"mcg",3.96360422381359e-06,0.125518364568704
"IRN","vitaminb12",0.00221684996873213,2.4,"mcg",0.000923687486971719,0.136811764198358
"IRQ","protein",0,50,"g",0,0.138219769706077
"IRQ","fattyacids",0,1.4,"g",0,0.124283556262553
"IRQ","calcium",0,1300,"mg",0,0.0341419524690986
"IRQ","zinc",0,11,"mg",0,0.134940438863953
"IRQ","iron",0,18,"mg",0,0.141138920044454
"IRQ","vita",0,900,"mcg",0,0.125349086272819
"IRQ","vitaminb12",0,2.4,"mcg",0,0.13663165563251
"ISL","protein",-0.173294148157829,50,"g",-0.00346588296315658,0.133180630880544
"ISL","fattyacids",-0.0197395057750194,1.4,"g",-0.0140996469821567,0.105289742120217
"ISL","calcium",-0.230533336919947,1300,"mg",-0.000177333336092267,0.0190290550891961
"ISL","zinc",-0.00629892885636575,11,"mg",-0.00057262989603325,0.130102199089264
"ISL","iron",-0.00656580958579877,18,"mg",-0.000364767199211043,0.138849048607955
"ISL","vita",-0.385397558829686,900,"mcg",-0.000428219509810763,0.10706061325884
"ISL","vitaminb12",-0.0572971498400551,2.4,"mcg",-0.0238738124333563,0.131976533440923
"ISR","protein",0,50,"g",0,0.138219769706077
"ISR","fattyacids",0,1.4,"g",0,0.124283556262553
"ISR","calcium",0,1300,"mg",0,0.0341419524690986
"ISR","zinc",0,11,"mg",0,0.134940438863953
"ISR","iron",0,18,"mg",0,0.141138920044454
"ISR","vita",0,900,"mcg",0,0.125349086272819
"ISR","vitaminb12",0,2.4,"mcg",0,0.13663165563251
"ITA","protein",0.102636765875773,50,"g",0.00205273531751546,0.141204295827413
"ITA","fattyacids",0.00246979721212694,1.4,"g",0.00176414086580495,0.126660052905938
"ITA","calcium",0.0432081634865612,1300,"mg",3.32370488358163e-05,0.0369745169453297
"ITA","zinc",0.00342883107642319,11,"mg",0.000311711916038471,0.137574141716126
"ITA","iron",0.00686456204684864,18,"mg",0.000381364558158258,0.143532983464928
"ITA","vita",0.0719419243849867,900,"mcg",7.99354715388741e-05,0.128762984240113
"ITA","vitaminb12",0.027960279274831,2.4,"mcg",0.0116501163645129,0.138903295965381
"JAM","protein",0,50,"g",0,0.138219769706077
"JAM","fattyacids",0,1.4,"g",0,0.124283556262553
"JAM","calcium",0,1300,"mg",0,0.0341419524690986
"JAM","zinc",0,11,"mg",0,0.134940438863953
"JAM","iron",0,18,"mg",0,0.141138920044454
"JAM","vita",0,900,"mcg",0,0.125349086272819
"JAM","vitaminb12",0,2.4,"mcg",0,0.13663165563251
"JOR","protein",0,50,"g",0,0.138219769706077
"JOR","fattyacids",0,1.4,"g",0,0.124283556262553
"JOR","calcium",0,1300,"mg",0,0.0341419524690986
"JOR","zinc",0,11,"mg",0,0.134940438863953
"JOR","iron",0,18,"mg",0,0.141138920044454
"JOR","vita",0,900,"mcg",0,0.125349086272819
"JOR","vitaminb12",0,2.4,"mcg",0,0.13663165563251
"JPN","protein",0.173052033169067,50,"g",0.00346104066338134,0.14325186818401
"JPN","fattyacids",0.00350010070467767,1.4,"g",0.00250007193191262,0.12765143502415
"JPN","calcium",0.132515843100335,1300,"mg",0.000101935263923335,0.0428291920880786
"JPN","zinc",0.00527031235391414,11,"mg",0.000479119304901285,0.138988592992567
"JPN","iron",0.0103599369422213,18,"mg",0.000575552052345629,0.144752019598733
"JPN","vita",0.123086169013949,900,"mcg",0.000136762410015499,0.131189958973833
"JPN","vitaminb12",0.0375647782263317,2.4,"mcg",0.0156519909276382,0.139683616039469
"KAZ","protein",0,50,"g",0,0.138219769706077
"KAZ","fattyacids",0,1.4,"g",0,0.124283556262553
"KAZ","calcium",0,1300,"mg",0,0.0341419524690986
"KAZ","zinc",0,11,"mg",0,0.134940438863953
"KAZ","iron",0,18,"mg",0,0.141138920044454
"KAZ","vita",0,900,"mcg",0,0.125349086272819
"KAZ","vitaminb12",0,2.4,"mcg",0,0.13663165563251
"KEN","protein",0.00137523035893819,50,"g",2.75046071787638e-05,0.138259759381259
"KEN","fattyacids",4.24239166444239e-05,1.4,"g",3.03027976031599e-05,0.124324377547398
"KEN","calcium",0.0005260748499447,1300,"mg",4.04672961495923e-07,0.0341764399550631
"KEN","zinc",5.13636866838728e-05,11,"mg",4.66942606217025e-06,0.134979891576875
"KEN","iron",0.000107966199155784,18,"mg",5.99812217532132e-06,0.141176574002024
"KEN","vita",0.000919767902034966,900,"mcg",1.02196433559441e-06,0.125392732502719
"KEN","vitaminb12",0.000459322747707534,2.4,"mcg",0.000191384478211472,0.136668973431422
"KGZ","protein",0,50,"g",0,0.138219769706077
"KGZ","fattyacids",0,1.4,"g",0,0.124283556262553
"KGZ","calcium",0,1300,"mg",0,0.0341419524690986
"KGZ","zinc",0,11,"mg",0,0.134940438863953
"KGZ","iron",0,18,"mg",0,0.141138920044454
"KGZ","vita",0,900,"mcg",0,0.125349086272819
"KGZ","vitaminb12",0,2.4,"mcg",0,0.13663165563251
"KHM","protein",0.00169030293110666,50,"g",3.38060586221332e-05,0.138268921228027
"KHM","fattyacids",4.56221457174332e-05,1.4,"g",3.25872469410237e-05,0.124327454958215
"KHM","calcium",0.00164656883212893,1300,"mg",1.26659140932995e-06,0.0342498953207546
"KHM","zinc",5.84372958483578e-05,11,"mg",5.3124814407598e-06,0.134985324852594
"KHM","iron",9.49794967220809e-05,18,"mg",5.27663870678227e-06,0.141172044799864
"KHM","vita",0.0012657744969021,900,"mcg",1.40641610766899e-06,0.125409151735607
"KHM","vitaminb12",0.000395150758443378,2.4,"mcg",0.000164646149351408,0.136663759761071
"KIR","protein",-100.653208945818,50,"g",-2.01306417891637,-2.78862743491752
"KIR","fattyacids",-2.9447350798727,1.4,"g",-2.10338219990907,-2.70920941174798
"KIR","calcium",-1.3621168278603,1300,"mg",-0.00104778217527716,-0.0551532970333169
"KIR","zinc",-3.78544917757036,11,"mg",-0.344131743415487,-2.77268261794786
"KIR","iron",-8.27830555472925,18,"mg",-0.459905864151625,-2.74597731210943
"KIR","vita",-62.5991730779692,900,"mcg",-0.0695546367532991,-2.84520239051998
"KIR","vitaminb12",-36.4580024831429,2.4,"mcg",-15.1908343679762,-2.82540846144084
"KNA","protein",0,50,"g",0,0.138219769706077
"KNA","fattyacids",0,1.4,"g",0,0.124283556262553
"KNA","calcium",0,1300,"mg",0,0.0341419524690986
"KNA","zinc",0,11,"mg",0,0.134940438863953
"KNA","iron",0,18,"mg",0,0.141138920044454
"KNA","vita",0,900,"mcg",0,0.125349086272819
"KNA","vitaminb12",0,2.4,"mcg",0,0.13663165563251
"KOR","protein",0.0126925940803202,50,"g",0.000253851881606405,0.138588851664739
"KOR","fattyacids",0.000171716405082601,1.4,"g",0.000122654575059001,0.124448785803784
"KOR","calcium",0.0334781537055657,1300,"mg",2.57524259273582e-05,0.0363366541473054
"KOR","zinc",-0.000130852570449605,11,"mg",-1.18956882226914e-05,0.134839930329025
"KOR","iron",-1.89193513597234e-05,18,"mg",-1.05107507554019e-06,0.141132321790011
"KOR","vita",-0.00505886308670949,900,"mcg",-5.62095898523277e-06,0.125109025382648
"KOR","vitaminb12",-0.000490127336956829,2.4,"mcg",-0.000204219723732012,0.136591835106544
"KWT","protein",0,50,"g",0,0.138219769706077
"KWT","fattyacids",0,1.4,"g",0,0.124283556262553
"KWT","calcium",0,1300,"mg",0,0.0341419524690986
"KWT","zinc",0,11,"mg",0,0.134940438863953
"KWT","iron",0,18,"mg",0,0.141138920044454
"KWT","vita",0,900,"mcg",0,0.125349086272819
"KWT","vitaminb12",0,2.4,"mcg",0,0.13663165563251
"LAO","protein",0,50,"g",0,0.138219769706077
"LAO","fattyacids",0,1.4,"g",0,0.124283556262553
"LAO","calcium",0,1300,"mg",0,0.0341419524690986
"LAO","zinc",0,11,"mg",0,0.134940438863953
"LAO","iron",0,18,"mg",0,0.141138920044454
"LAO","vita",0,900,"mcg",0,0.125349086272819
"LAO","vitaminb12",0,2.4,"mcg",0,0.13663165563251
"LBN","protein",0,50,"g",0,0.138219769706077
"LBN","fattyacids",0,1.4,"g",0,0.124283556262553
"LBN","calcium",0,1300,"mg",0,0.0341419524690986
"LBN","zinc",0,11,"mg",0,0.134940438863953
"LBN","iron",0,18,"mg",0,0.141138920044454
"LBN","vita",0,900,"mcg",0,0.125349086272819
"LBN","vitaminb12",0,2.4,"mcg",0,0.13663165563251
"LBR","protein",0.000665898342321679,50,"g",1.33179668464336e-05,0.13823913305
"LBR","fattyacids",2.23173938039615e-05,1.4,"g",1.59409955742582e-05,0.124305030580851
"LBR","calcium",0.000400047819572735,1300,"mg",3.07729091979027e-07,0.0341681780975697
"LBR","zinc",2.63999429422682e-05,11,"mg",2.39999481293348e-06,0.134960716796425
"LBR","iron",5.46737965532578e-05,18,"mg",3.03743314184766e-06,0.141157987908579
"LBR","vita",0.000444308799823502,900,"mcg",4.93676444248336e-07,0.12537017029193
"LBR","vitaminb12",0.000240811771663376,2.4,"mcg",0.000100338238193073,0.136651220449004
"LBY","protein",0.508666761867693,50,"g",0.0101733352373539,0.153011050636413
"LBY","fattyacids",0.0162820206604656,1.4,"g",0.0116300147574755,0.139950497360843
"LBY","calcium",0.234629291416219,1300,"mg",0.000180484070320169,0.0495233652004117
"LBY","zinc",0.0196488166014755,11,"mg",0.00178625605467959,0.150032796338472
"LBY","iron",0.0425654892919056,18,"mg",0.00236474940510587,0.15598392839209
"LBY","vita",0.32793936052165,900,"mcg",0.000364377067246278,0.140910965189059
"LBY","vitaminb12",0.18414275264871,2.4,"mcg",0.0767261469369623,0.151592382591316
"LCA","protein",0,50,"g",0,0.138219769706077
"LCA","fattyacids",0,1.4,"g",0,0.124283556262553
"LCA","calcium",0,1300,"mg",0,0.0341419524690986
"LCA","zinc",0,11,"mg",0,0.134940438863953
"LCA","iron",0,18,"mg",0,0.141138920044454
"LCA","vita",0,900,"mcg",0,0.125349086272819
"LCA","vitaminb12",0,2.4,"mcg",0,0.13663165563251
"LKA","protein",0.013394357330132,50,"g",0.000267887146602639,0.138609257907397
"LKA","fattyacids",0.000416397930035866,1.4,"g",0.000297427092882762,0.12468422408993
"LKA","calcium",0.0189866446607404,1300,"mg",1.46051112774926e-05,0.0353866453893511
"LKA","zinc",0.000452981728465615,11,"mg",4.11801571332377e-05,0.135288376468242
"LKA","iron",0.000743763277100164,18,"mg",4.13201820611202e-05,0.141398312623769
"LKA","vita",0.010689852934213,900,"mcg",1.18776143713478e-05,0.125856357485186
"LKA","vitaminb12",0.0030152779936217,2.4,"mcg",0.00125636583067571,0.136876632695786
"LSO","protein",0,50,"g",0,0.138219769706077
"LSO","fattyacids",0,1.4,"g",0,0.124283556262553
"LSO","calcium",0,1300,"mg",0,0.0341419524690986
"LSO","zinc",0,11,"mg",0,0.134940438863953
"LSO","iron",0,18,"mg",0,0.141138920044454
"LSO","vita",0,900,"mcg",0,0.125349086272819
"LSO","vitaminb12",0,2.4,"mcg",0,0.13663165563251
"LTU","protein",0.0252991033285551,50,"g",0.000505982066571101,0.138955430403159
"LTU","fattyacids",0.000687389795996111,1.4,"g",0.000490992711425793,0.124944978801562
"LTU","calcium",0.013014713076531,1300,"mg",1.00113177511777e-05,0.0349951480449853
"LTU","zinc",0.000911848201270713,11,"mg",8.28952910246102e-05,0.13564083417504
"LTU","iron",0.00192582356326568,18,"mg",0.000106990197959204,0.141810564311873
"LTU","vita",0.0156229710726697,900,"mcg",1.73588567474108e-05,0.126090451334208
"LTU","vitaminb12",0.00792263911016033,2.4,"mcg",0.00330109962923347,0.137275332556067
"LVA","protein",0.0158356054650299,50,"g",0.000316712109300599,0.138680245810855
"LVA","fattyacids",0.000297865723049793,1.4,"g",0.000212761230749852,0.124570169628028
"LVA","calcium",0.00294203952688177,1300,"mg",2.2631073283706e-06,0.0343348215007598
"LVA","zinc",0.000594430562044568,11,"mg",5.40391420040516e-05,0.135397024047586
"LVA","iron",0.00142554451452551,18,"mg",7.91969174736395e-05,0.141636088538699
"LVA","vita",-0.00549383066179539,900,"mcg",-6.10425629088377e-06,0.125088384637587
"LVA","vitaminb12",0.00588206506803952,2.4,"mcg",0.00245086044501647,0.137109545574802
"MAR","protein",0.000525082064506402,50,"g",1.0501641290128e-05,0.138235038319853
"MAR","fattyacids",-0.000334144152964713,1.4,"g",-0.000238674394974795,0.123962034943302
"MAR","calcium",-0.0152197099531365,1300,"mg",-1.17074691947204e-05,0.0331442056020001
"MAR","zinc",-5.96841335207364e-05,11,"mg",-5.42583032006695e-06,0.134894595172859
"MAR","iron",-4.76158520124307e-07,18,"mg",-2.64532511180171e-08,0.141138753980882
"MAR","vita",-0.00474348375081152,900,"mcg",-5.27053750090169e-06,0.125123991244111
"MAR","vitaminb12",-0.00108183601590124,2.4,"mcg",-0.000450765006625518,0.136543761577407
"MDA","protein",0,50,"g",0,0.138219769706077
"MDA","fattyacids",0,1.4,"g",0,0.124283556262553
"MDA","calcium",0,1300,"mg",0,0.0341419524690986
"MDA","zinc",0,11,"mg",0,0.134940438863953
"MDA","iron",0,18,"mg",0,0.141138920044454
"MDA","vita",0,900,"mcg",0,0.125349086272819
"MDA","vitaminb12",0,2.4,"mcg",0,0.13663165563251
"MDG","protein",0.000595650759746289,50,"g",1.19130151949258e-05,0.138237090353668
"MDG","fattyacids",7.99433121493587e-06,1.4,"g",5.71023658209705e-06,0.124291248595027
"MDG","calcium",0.00019980112652799,1300,"mg",1.536931742523e-07,0.0341550506785027
"MDG","zinc",1.47820477975726e-05,11,"mg",1.34382252705206e-06,0.134951793031183
"MDG","iron",2.46515081789294e-05,18,"mg",1.36952823216275e-06,0.141147517428175
"MDG","vita",0.000473189723711859,900,"mcg",5.25766359679843e-07,0.125371540793597
"MDG","vitaminb12",6.85330155735039e-05,2.4,"mcg",2.85554231556266e-05,0.136637223615604
"MDV","protein",-0.370006164541439,50,"g",-0.00740012329082878,0.127460534906473
"MDV","fattyacids",-0.0111381500986016,1.4,"g",-0.00795582149900111,0.113566167728439
"MDV","calcium",-0.154011292208352,1300,"mg",-0.000118470224775656,0.0240455521584604
"MDV","zinc",-0.0140439788440997,11,"mg",-0.0012767253494636,0.124153186207535
"MDV","iron",-0.0303074833024395,18,"mg",-0.00168374907235775,0.130568975939381
"MDV","vita",-0.240455390157914,900,"mcg",-0.000267172655731016,0.113938630204227
"MDV","vitaminb12",-0.131218615608668,2.4,"mcg",-0.0546744231702782,0.125970764276232
"MEX","protein",0.0116441437377773,50,"g",0.000232882874755546,0.138558364271576
"MEX","fattyacids",0.000260488173555065,1.4,"g",0.000186062981110761,0.124534204075684
"MEX","calcium",0.000777616545132814,1300,"mg",5.98166573179088e-07,0.0341929300812935
"MEX","zinc",0.000402191822271637,11,"mg",3.65628929337852e-05,0.135249364479076
"MEX","iron",0.000890750255357377,18,"mg",4.94861252976321e-05,0.141449575347528
"MEX","vita",0.00522496972322134,900,"mcg",5.80552191469038e-06,0.125597029508558
"MEX","vitaminb12",0.00335069726157962,2.4,"mcg",0.00139612385899151,0.136903883923502
"MHL","protein",-384.052931253991,50,"g",-7.68105862507982,-11.029474336036
"MHL","fattyacids",-11.5735581874843,1.4,"g",-8.26682727677448,-11.0120648246978
"MHL","calcium",-162.843529011473,1300,"mg",-0.125264253085748,-10.641266540777
"MHL","zinc",-14.4545345217422,11,"mg",-1.31404859288565,-10.9676621531685
"MHL","iron",-31.6091488648133,18,"mg",-1.75606382582296,-10.8827700392034
"MHL","vita",-237.270428084174,900,"mcg",-0.263633808982415,-11.1339693022756
"MHL","vitaminb12",-136.052238640662,2.4,"mcg",-56.6884327669423,-10.9169686906182
"MKD","protein",0,50,"g",0,0.138219769706077
"MKD","fattyacids",0,1.4,"g",0,0.124283556262553
"MKD","calcium",0,1300,"mg",0,0.0341419524690986
"MKD","zinc",0,11,"mg",0,0.134940438863953
"MKD","iron",0,18,"mg",0,0.141138920044454
"MKD","vita",0,900,"mcg",0,0.125349086272819
"MKD","vitaminb12",0,2.4,"mcg",0,0.13663165563251
"MLI","protein",0,50,"g",0,0.138219769706077
"MLI","fattyacids",0,1.4,"g",0,0.124283556262553
"MLI","calcium",0,1300,"mg",0,0.0341419524690986
"MLI","zinc",0,11,"mg",0,0.134940438863953
"MLI","iron",0,18,"mg",0,0.141138920044454
"MLI","vita",0,900,"mcg",0,0.125349086272819
"MLI","vitaminb12",0,2.4,"mcg",0,0.13663165563251
"MLT","protein",0.221327564153446,50,"g",0.00442655128306891,0.144655649587436
"MLT","fattyacids",0.00682812884756432,1.4,"g",0.00487723489111737,0.130853741542202
"MLT","calcium",0.0992500522616743,1300,"mg",7.63461940474418e-05,0.0406484121196675
"MLT","zinc",0.00841906561178378,11,"mg",0.000765369601071252,0.141407166626323
"MLT","iron",0.0180778347089344,18,"mg",0.00100432415049636,0.147443689744643
"MLT","vita",0.144370846987208,900,"mcg",0.000160412052208009,0.132199991989889
"MLT","vitaminb12",0.0778258095271723,2.4,"mcg",0.0324274206363218,0.142954634245224
"MMR","protein",-0.00250231104356506,50,"g",-5.00462208713012e-05,0.138147006183089
"MMR","fattyacids",-5.42236009638662e-05,1.4,"g",-3.87311435456187e-05,0.124231381045475
"MMR","calcium",-0.0032106880013558,1300,"mg",-2.46976000104293e-06,0.0339314718551811
"MMR","zinc",-7.4026195814497e-05,11,"mg",-6.72965416495427e-06,0.134883578960765
"MMR","iron",-7.24444292302629e-05,18,"mg",-4.02469051279238e-06,0.14111365454946
"MMR","vita",-0.00218362989923263,900,"mcg",-2.42625544359181e-06,0.125245465334986
"MMR","vitaminb12",-0.000259330553066652,2.4,"mcg",-0.000108054397111105,0.136610586252691
"MNE","protein",0,50,"g",0,0.138219769706077
"MNE","fattyacids",0,1.4,"g",0,0.124283556262553
"MNE","calcium",0,1300,"mg",0,0.0341419524690986
"MNE","zinc",0,11,"mg",0,0.134940438863953
"MNE","iron",0,18,"mg",0,0.141138920044454
"MNE","vita",0,900,"mcg",0,0.125349086272819
"MNE","vitaminb12",0,2.4,"mcg",0,0.13663165563251
"MNG","protein",0,50,"g",0,0.138219769706077
"MNG","fattyacids",0,1.4,"g",0,0.124283556262553
"MNG","calcium",0,1300,"mg",0,0.0341419524690986
"MNG","zinc",0,11,"mg",0,0.134940438863953
"MNG","iron",0,18,"mg",0,0.141138920044454
"MNG","vita",0,900,"mcg",0,0.125349086272819
"MNG","vitaminb12",0,2.4,"mcg",0,0.13663165563251
"MOZ","protein",0.0019469907591409,50,"g",3.89398151828179e-05,0.138276385332349
"MOZ","fattyacids",6.66980900004638e-05,1.4,"g",4.76414928574742e-05,0.124347734724748
"MOZ","calcium",0.00253601379325629,1300,"mg",1.95077984096637e-06,0.0343082039827563
"MOZ","zinc",7.1723738221455e-05,11,"mg",6.52033983831409e-06,0.134995530237576
"MOZ","iron",0.00014675720813056,18,"mg",8.15317822947554e-06,0.141190102634295
"MOZ","vita",0.00126799864648865,900,"mcg",1.40888738498738e-06,0.125409257279347
"MOZ","vitaminb12",0.000638538237081945,2.4,"mcg",0.000266057598784144,0.136683533841564
"MRT","protein",-0.00923307241739476,50,"g",-0.000184661448347895,0.137951285546675
"MRT","fattyacids",-0.000963354391150033,1.4,"g",-0.000688110279392881,0.123356594135575
"MRT","calcium",-0.0636890753023476,1300,"mg",-4.89915963864212e-05,0.0299667365453405
"MRT","zinc",-0.000758583851142867,11,"mg",-6.89621682857151e-05,0.134357766691473
"MRT","iron",-0.000838972614649306,18,"mg",-4.66095897027392e-05,0.140846322551154
"MRT","vita",-0.0100723162948831,900,"mcg",-1.11914625498701e-05,0.12487111935132
"MRT","vitaminb12",-0.0047145628007952,2.4,"mcg",-0.001964401166998,0.136248619722715
"MUS","protein",0.0847476501042393,50,"g",0.00169495300208479,0.140684106664668
"MUS","fattyacids",0.00181721575726784,1.4,"g",0.00129801125519131,0.126032123766901
"MUS","calcium",0.089684651176772,1300,"mg",6.89881932129015e-05,0.0400213404478428
"MUS","zinc",0.00272443032578194,11,"mg",0.000247675484161995,0.137033087862877
"MUS","iron",0.00544860667311079,18,"mg",0.000302700370728377,0.143039159249756
"MUS","vita",0.0590791096024107,900,"mcg",6.56434551137897e-05,0.12815259832654
"MUS","vitaminb12",0.0214819574255726,2.4,"mcg",0.00895081559398858,0.138376962982171
"MWI","protein",0,50,"g",0,0.138219769706077
"MWI","fattyacids",0,1.4,"g",0,0.124283556262553
"MWI","calcium",0,1300,"mg",0,0.0341419524690986
"MWI","zinc",0,11,"mg",0,0.134940438863953
"MWI","iron",0,18,"mg",0,0.141138920044454
"MWI","vita",0,900,"mcg",0,0.125349086272819
"MWI","vitaminb12",0,2.4,"mcg",0,0.13663165563251
"MYS","protein",0.0137423827658518,50,"g",0.000274847655317037,0.138619377974947
"MYS","fattyacids",0.000401880222395051,1.4,"g",0.000287057301710751,0.124670254812084
"MYS","calcium",0.00316157777214303,1300,"mg",2.43198290164849e-06,0.0343492136013381
"MYS","zinc",0.000510759670776456,11,"mg",4.64326973433142e-05,0.135332756004027
"MYS","iron",0.00104843596801839,18,"mg",5.82464426676885e-05,0.141504569328795
"MYS","vita",0.00642544084289452,900,"mcg",7.13937871432725e-06,0.125653996095847
"MYS","vitaminb12",0.00469390417685353,2.4,"mcg",0.0019557934070223,0.137013013126903
"NAM","protein",-0.0292214380500509,50,"g",-0.000584428761001017,0.137370053287021
"NAM","fattyacids",-0.00222638857461066,1.4,"g",-0.00159027755329333,0.122141273103251
"NAM","calcium",-0.0827991180045144,1300,"mg",-6.36916292342419e-05,0.0287139541142091
"NAM","zinc",-0.000976756077508166,11,"mg",-8.87960070461969e-05,0.134190187478022
"NAM","iron",-0.00185112669525289,18,"mg",-0.000102840371958494,0.140493326825612
"NAM","vita",-0.0194878547936377,900,"mcg",-2.16531719929308e-05,0.124424318851936
"NAM","vitaminb12",-0.0138879563322321,2.4,"mcg",-0.00578664847176336,0.135503324923243
"NER","protein",0,50,"g",0,0.138219769706077
"NER","fattyacids",0,1.4,"g",0,0.124283556262553
"NER","calcium",0,1300,"mg",0,0.0341419524690986
"NER","zinc",0,11,"mg",0,0.134940438863953
"NER","iron",0,18,"mg",0,0.141138920044454
"NER","vita",0,900,"mcg",0,0.125349086272819
"NER","vitaminb12",0,2.4,"mcg",0,0.13663165563251
"NGA","protein",0.00059149720653979,50,"g",1.18299441307958e-05,0.138236969574453
"NGA","fattyacids",1.95675399171865e-05,1.4,"g",1.39768142265618e-05,0.124302384607125
"NGA","calcium",0.000296136671415264,1300,"mg",2.27797439550203e-07,0.0341613660740259
"NGA","zinc",2.19884371482045e-05,11,"mg",1.99894883165495e-06,0.134957328296049
"NGA","iron",4.69547429030574e-05,18,"mg",2.60859682794763e-06,0.141155295835311
"NGA","vita",0.00039689036945864,900,"mcg",4.40989299398489e-07,0.125367920120219
"NGA","vitaminb12",0.000206737064722659,2.4,"mcg",8.61404436344411e-05,0.136648452040368
"NIC","protein",0.00465257026048367,50,"g",9.30514052096734e-05,0.13835505960298
"NIC","fattyacids",0.00014977932164206,1.4,"g",0.000106985229744328,0.124427677429013
"NIC","calcium",0.00224635195883937,1300,"mg",1.72796304526105e-06,0.0342892148437584
"NIC","zinc",0.00017770975702308,11,"mg",1.61554324566437e-05,0.135076938645803
"NIC","iron",0.000385051763022285,18,"mg",2.13917646123492e-05,0.141273209505974
"NIC","vita",0.0030654140019496,900,"mcg",3.40601555772178e-06,0.12549455097535
"NIC","vitaminb12",0.00166784070921576,2.4,"mcg",0.000694933628839899,0.136767159794919
"NLD","protein",0.0928715082636572,50,"g",0.00185743016527314,0.140920336505661
"NLD","fattyacids",0.00288444123175237,1.4,"g",0.00206031516553741,0.127059033079695
"NLD","calcium",0.0653264308984998,1300,"mg",5.02511006911537e-05,0.0384245072594592
"NLD","zinc",0.00351432823427024,11,"mg",0.000319484384933658,0.137639812524473
"NLD","iron",0.00781272140982492,18,"mg",0.000434040078323607,0.143863660590751
"NLD","vita",0.0640981791642239,900,"mcg",7.12201990713599e-05,0.12839077087365
"NLD","vitaminb12",0.0325723082763666,2.4,"mcg",0.0135717951151527,0.139278001489359
"NOR","protein",-0.023486365677019,50,"g",-0.00046972731354038,0.137536820752452
"NOR","fattyacids",-0.0063332574311201,1.4,"g",-0.00452375530794293,0.118189547834313
"NOR","calcium",-0.0447165953985353,1300,"mg",-3.43973810757964e-05,0.0312105008774733
"NOR","zinc",-0.000692090089382824,11,"mg",-6.2917280852984e-05,0.134408840893175
"NOR","iron",0.000351747538764567,18,"mg",1.95415299313648e-05,0.141261594427766
"NOR","vita",-0.107320015420727,900,"mcg",-0.000119244461578585,0.120256373148632
"NOR","vitaminb12",-0.0103130817714254,2.4,"mcg",-0.00429711740476059,0.135793766558588
"NPL","protein",0,50,"g",0,0.138219769706077
"NPL","fattyacids",0,1.4,"g",0,0.124283556262553
"NPL","calcium",0,1300,"mg",0,0.0341419524690986
"NPL","zinc",0,11,"mg",0,0.134940438863953
"NPL","iron",0,18,"mg",0,0.141138920044454
"NPL","vita",0,900,"mcg",0,0.125349086272819
"NPL","vitaminb12",0,2.4,"mcg",0,0.13663165563251
"NRU","protein",-182.443956176303,50,"g",-3.64887912352606,-5.16698200903232
"NRU","fattyacids",-5.47189257873332,1.4,"g",-3.90849469909523,-5.14089946462235
"NRU","calcium",-45.9757179074883,1300,"mg",-0.0353659368519141,-2.97985296898773
"NRU","zinc",-7.06324280238881,11,"mg",-0.642112982035346,-5.29037282376643
"NRU","iron",-16.0574157803608,18,"mg",-0.892078654464488,-5.45899572579972
"NRU","vita",-97.7626683116602,900,"mcg",-0.108625187012956,-4.51383421997778
"NRU","vitaminb12",-67.4686040834307,2.4,"mcg",-28.1119183680961,-5.34487304365711
"NZL","protein",-0.458634155706669,50,"g",-0.00917268311413339,0.124883363339763
"NZL","fattyacids",-0.015740502309925,1.4,"g",-0.0112432159356607,0.109137676786681
"NZL","calcium",-0.624281584676915,1300,"mg",-0.000480216603597627,-0.00678359717781142
"NZL","zinc",-0.0158417324911381,11,"mg",-0.00144015749919437,0.122772322349801
"NZL","iron",-0.0224127218230147,18,"mg",-0.00124515121238971,0.133322328526519
"NZL","vita",-0.742735788886461,900,"mcg",-0.000825261987651623,0.0901036543276484
"NZL","vitaminb12",-0.119190017018151,2.4,"mcg",-0.0496625070908964,0.1269480309708
"OMN","protein",0.0150836381417286,50,"g",0.000301672762834571,0.138658379707616
"OMN","fattyacids",-0.00164700494926684,1.4,"g",-0.00117643210661917,0.122698769578711
"OMN","calcium",-2.05421856832867,1300,"mg",-0.00158016812948359,-0.100524880683201
"OMN","zinc",-0.000990933115879466,11,"mg",-9.00848287163151e-05,0.134179298021656
"OMN","iron",-0.00379638408698245,18,"mg",-0.000210910227054581,0.139814904876307
"OMN","vita",-0.000515021988328293,900,"mcg",-5.72246653698103e-07,0.125324646663592
"OMN","vitaminb12",0.00530818149464764,2.4,"mcg",0.00221174228943652,0.137062920251111
"PAK","protein",-0.00107489749964225,50,"g",-2.1497949992845e-05,0.138188513268502
"PAK","fattyacids",-6.78880178997599e-05,1.4,"g",-4.84914413569714e-05,0.124218232823903
"PAK","calcium",-0.021876272141151,1300,"mg",-1.68279016470392e-05,0.0327078264535678
"PAK","zinc",-6.01250925135331e-05,11,"mg",-5.46591750123029e-06,0.13489425646998
"PAK","iron",-0.000129123726043193,18,"mg",-7.17354033573296e-06,0.141093887253269
"PAK","vita",-0.00121231632608012,900,"mcg",-1.34701814008902e-06,0.125291557588722
"PAK","vitaminb12",-0.00036139340771311,2.4,"mcg",-0.000150580586547129,0.136602294128895
"PAN","protein",0.0513712934418249,50,"g",0.0010274258688365,0.139713571326341
"PAN","fattyacids",0.001638088145399,1.4,"g",0.00117006296099929,0.12585976298916
"PAN","calcium",0.0145613674145649,1300,"mg",1.12010518573576e-05,0.0350965408786864
"PAN","zinc",0.00197918085496125,11,"mg",0.000179925532269204,0.136460657896765
"PAN","iron",0.00446215758954087,18,"mg",0.000247897643863382,0.142695128319448
"PAN","vita",0.0322210364611349,900,"mcg",3.58011516234833e-05,0.1268780880589
"PAN","vitaminb12",0.0194372079126635,2.4,"mcg",0.00809883663027644,0.138210836763671
"PER","protein",0.0264694733314765,50,"g",0.00052938946662953,0.138989463040641
"PER","fattyacids",0.000713642236432303,1.4,"g",0.000509744454594502,0.124970239513766
"PER","calcium",0.00886910241608958,1300,"mg",6.82238647391506e-06,0.0347233774224569
"PER","zinc",0.000985077117883633,11,"mg",8.95524652621485e-05,0.135697081683956
"PER","iron",0.00230098359774434,18,"mg",0.000127832422096908,0.14194140396475
"PER","vita",0.0157436554603357,900,"mcg",1.74929505114841e-05,0.126096178233915
"PER","vitaminb12",0.00996153739023347,2.4,"mcg",0.00415064057926394,0.137440983389598
"PHL","protein",0.0911552783676157,50,"g",0.00182310556735231,0.140870431065722
"PHL","fattyacids",0.00222043986272211,1.4,"g",0.00158602847337293,0.126420115432143
"PHL","calcium",0.0288765182889137,1300,"mg",2.22127063760875e-05,0.0360349882591491
"PHL","zinc",0.00305641986253257,11,"mg",0.000277856351139324,0.137288090740051
"PHL","iron",0.00637129700494905,18,"mg",0.000353960944719392,0.14336095387508
"PHL","vita",0.0607667923407049,900,"mcg",6.75186581563387e-05,0.12823268482296
"PHL","vitaminb12",0.0264947619791693,2.4,"mcg",0.0110394841579872,0.138784229622566
"PLW","protein",0.746240119332356,50,"g",0.0149248023866471,0.159919334281525
"PLW","fattyacids",0.263383314844202,1.4,"g",0.18813093917443,0.377717142055478
"PLW","calcium",14.2515744828258,1300,"mg",0.0109627496021737,0.968421504132271
"PLW","zinc",0.206573191619425,11,"mg",0.0187793810563114,0.293610373843071
"PLW","iron",0.211661797590705,18,"mg",0.0117589887550392,0.214957433689664
"PLW","vita",6.01235679192659,900,"mcg",0.00668039643547399,0.410656614616965
"PLW","vitaminb12",1.06289712804616,2.4,"mcg",0.442873803352566,0.222987015749962
"PNG","protein",2.26141653821157,50,"g",0.0452283307642314,0.203978434955558
"PNG","fattyacids",0.0876933039754776,1.4,"g",0.0626380742681983,0.208664104398947
"PNG","calcium",1.22926169892742,1300,"mg",0.00094558592225186,0.114727720051103
"PNG","zinc",0.0618567303698685,11,"mg",0.0056233391245335,0.182452912815026
"PNG","iron",0.0914391992253516,18,"mg",0.00507995551251953,0.173028972253007
"PNG","vita",2.28321475758289,900,"mcg",0.00253690528620321,0.233695676754538
"PNG","vitaminb12",0.459171820865583,2.4,"mcg",0.191321592027326,0.173937192452919
"POL","protein",0.0208008233922666,50,"g",0.000416016467845333,0.138824627041845
"POL","fattyacids",0.000652455319117348,1.4,"g",0.000466039513655249,0.12491136403083
"POL","calcium",0.00975595193441424,1300,"mg",7.50457841108788e-06,0.0347815159370029
"POL","zinc",0.000796838626113632,11,"mg",7.24398751012393e-05,0.13555249472659
"POL","iron",0.00171258151300652,18,"mg",9.51434173892511e-05,0.141736194674196
"POL","vita",0.0134182899839018,900,"mcg",1.49092110932242e-05,0.125985831443208
"POL","vitaminb12",0.00736830224527973,2.4,"mcg",0.00307012593553322,0.137230295309912
"PRK","protein",-0.00012751934855797,50,"g",-2.5503869711594e-06,0.138216061631066
"PRK","fattyacids",-2.07606218515433e-06,1.4,"g",-1.48290156082452e-06,0.124281558626962
"PRK","calcium",-8.44381320616073e-05,1300,"mg",-6.49524092781595e-08,0.0341364170231547
"PRK","zinc",-2.1220497098285e-06,11,"mg",-1.92913609984409e-07,0.134938808906615
"PRK","iron",-4.6659880953098e-06,18,"mg",-2.59221560850544e-07,0.141137292748883
"PRK","vita",-0.000117378672644306,900,"mcg",-1.30420747382562e-07,0.125343516240945
"PRK","vitaminb12",-7.32203904116727e-06,2.4,"mcg",-3.05084960048636e-06,0.136631060751499
"PRT","protein",0.0524643104782434,50,"g",0.00104928620956487,0.139745354653382
"PRT","fattyacids",0.0014865007262988,1.4,"g",0.00106178623307057,0.125713902029037
"PRT","calcium",0.031112795245213,1300,"mg",2.39329194193946e-05,0.0361815901545849
"PRT","zinc",0.00190986875265565,11,"mg",0.000173624432059604,0.13640741891314
"PRT","iron",0.00397485059616462,18,"mg",0.000220825033120256,0.142525176640168
"PRT","vita",0.0350969672013896,900,"mcg",3.89966302237662e-05,0.127014561112578
"PRT","vitaminb12",0.0164370546508326,2.4,"mcg",0.00684877277118025,0.137967088513255
"PRY","protein",0,50,"g",0,0.138219769706077
"PRY","fattyacids",0,1.4,"g",0,0.124283556262553
"PRY","calcium",0,1300,"mg",0,0.0341419524690986
"PRY","zinc",0,11,"mg",0,0.134940438863953
"PRY","iron",0,18,"mg",0,0.141138920044454
"PRY","vita",0,900,"mcg",0,0.125349086272819
"PRY","vitaminb12",0,2.4,"mcg",0,0.13663165563251
"PSE","protein",0,50,"g",0,0.138219769706077
"PSE","fattyacids",0,1.4,"g",0,0.124283556262553
"PSE","calcium",0,1300,"mg",0,0.0341419524690986
"PSE","zinc",0,11,"mg",0,0.134940438863953
"PSE","iron",0,18,"mg",0,0.141138920044454
"PSE","vita",0,900,"mcg",0,0.125349086272819
"PSE","vitaminb12",0,2.4,"mcg",0,0.13663165563251
"QAT","protein",0,50,"g",0,0.138219769706077
"QAT","fattyacids",0,1.4,"g",0,0.124283556262553
"QAT","calcium",0,1300,"mg",0,0.0341419524690986
"QAT","zinc",0,11,"mg",0,0.134940438863953
"QAT","iron",0,18,"mg",0,0.141138920044454
"QAT","vita",0,900,"mcg",0,0.125349086272819
"QAT","vitaminb12",0,2.4,"mcg",0,0.13663165563251
"ROU","protein",0,50,"g",0,0.138219769706077
"ROU","fattyacids",0,1.4,"g",0,0.124283556262553
"ROU","calcium",0,1300,"mg",0,0.0341419524690986
"ROU","zinc",0,11,"mg",0,0.134940438863953
"ROU","iron",0,18,"mg",0,0.141138920044454
"ROU","vita",0,900,"mcg",0,0.125349086272819
"ROU","vitaminb12",0,2.4,"mcg",0,0.13663165563251
"RUS","protein",-0.005152054350869,50,"g",-0.00010304108701738,0.138069955546818
"RUS","fattyacids",-0.000113922357500583,1.4,"g",-8.13731125004165e-05,0.124173937505646
"RUS","calcium",-0.00937265322165835,1300,"mg",-7.2097332474295e-06,0.0335275166212996
"RUS","zinc",-7.35178620398238e-05,11,"mg",-6.68344200362034e-06,0.134883969414562
"RUS","iron",0.000214194801037416,18,"mg",1.18997111687453e-05,0.141213621960545
"RUS","vita",-0.00397443411918148,900,"mcg",-4.41603791020164e-06,0.125160485360672
"RUS","vitaminb12",-0.000165531602274488,2.4,"mcg",-6.89715009477033e-05,0.136618206973417
"RWA","protein",0,50,"g",0,0.138219769706077
"RWA","fattyacids",0,1.4,"g",0,0.124283556262553
"RWA","calcium",0,1300,"mg",0,0.0341419524690986
"RWA","zinc",0,11,"mg",0,0.134940438863953
"RWA","iron",0,18,"mg",0,0.141138920044454
"RWA","vita",0,900,"mcg",0,0.125349086272819
"RWA","vitaminb12",0,2.4,"mcg",0,0.13663165563251
"SAU","protein",0.10260700574999,50,"g",0.00205214011499979,0.141203430446747
"SAU","fattyacids",0.00326165411305566,1.4,"g",0.0023297529378969,0.127421996136685
"SAU","calcium",0.0478400642595229,1300,"mg",3.68000494304022e-05,0.0372781669162663
"SAU","zinc",0.00394350388390274,11,"mg",0.000358500353082067,0.137969464556704
"SAU","iron",0.00850041929368362,18,"mg",0.000472245516315756,0.144103499976985
"SAU","vita",0.0663509590001659,900,"mcg",7.37232877779621e-05,0.128497673219792
"SAU","vitaminb12",0.0367019234147775,2.4,"mcg",0.0152924680894906,0.139613513170607
"SDN","protein",0,50,"g",0,0.138219769706077
"SDN","fattyacids",0,1.4,"g",0,0.124283556262553
"SDN","calcium",0,1300,"mg",0,0.0341419524690986
"SDN","zinc",0,11,"mg",0,0.134940438863953
"SDN","iron",0,18,"mg",0,0.141138920044454
"SDN","vita",0,900,"mcg",0,0.125349086272819
"SDN","vitaminb12",0,2.4,"mcg",0,0.13663165563251
"SEN","protein",-0.00210277596023398,50,"g",-4.20555192046796e-05,0.138158624075395
"SEN","fattyacids",-0.00011378682356822,1.4,"g",-8.12763025487286e-05,0.124174067919566
"SEN","calcium",-0.00272489507160282,1300,"mg",-2.09607313200217e-06,0.0339633186101594
"SEN","zinc",-0.000139640779299061,11,"mg",-1.26946162999146e-05,0.134833180060436
"SEN","iron",-0.000144995578284027,18,"mg",-8.05530990466814e-06,0.141088351835189
"SEN","vita",-0.00486209153325286,900,"mcg",-5.40232392583651e-06,0.125118362886643
"SEN","vitaminb12",-0.000765116013441018,2.4,"mcg",-0.000318798338933758,0.136569493578319
"SGP","protein",0.0638137284016016,50,"g",0.00127627456803203,0.140075379025889
"SGP","fattyacids",0.00168321678989538,1.4,"g",0.00120229770706813,0.125903186826404
"SGP","calcium",0.0577317663783511,1300,"mg",4.44090510602701e-05,0.0379266296550255
"SGP","zinc",0.00261325658303954,11,"mg",0.000237568780276322,0.136947694737109
"SGP","iron",0.00400415283623011,18,"mg",0.000222452935346117,0.142535395998752
"SGP","vita",0.0450403216876224,900,"mcg",5.0044801875136e-05,0.127486408341559
"SGP","vitaminb12",0.0164213871481035,2.4,"mcg",0.00684224464504314,0.137965815602825
"SLB","protein",-1.5401845663849,50,"g",-0.0308036913276979,0.0934334689021486
"SLB","fattyacids",-0.0587018733766316,1.4,"g",-0.0419299095547369,0.0677992407264608
"SLB","calcium",5.41455759584292,1300,"mg",0.00416504430449455,0.389099957228129
"SLB","zinc",-0.119872607677711,11,"mg",-0.0108975097888828,0.0428656700283097
"SLB","iron",-0.43030149758616,18,"mg",-0.0239056387547867,-0.00893169889898468
"SLB","vita",1.94949178657573,900,"mcg",0.00216610198508414,0.217859345128715
"SLB","vitaminb12",-1.96239479751818,2.4,"mcg",-0.817664498965908,-0.022803632092661
"SLE","protein",6.63161584575655e-05,50,"g",1.32632316915131e-06,0.13822169808238
"SLE","fattyacids",2.9906088904172e-07,1.4,"g",2.13614920744086e-07,0.124283844025936
"SLE","calcium",-6.63141240957226e-05,1300,"mg",-5.10108646890174e-08,0.0341376051648619
"SLE","zinc",2.07602516837014e-06,11,"mg",1.88729560760922e-07,0.134942033469603
"SLE","iron",3.47584409677527e-06,18,"mg",1.93102449820848e-07,0.141140132269087
"SLE","vita",3.19716715992107e-05,900,"mcg",3.55240795546786e-08,0.125350603441364
"SLE","vitaminb12",6.62616182363456e-06,2.4,"mcg",2.76090075984773e-06,0.136632193976791
"SLV","protein",0.00965808607381276,50,"g",0.000193161721476255,0.138500612637199
"SLV","fattyacids",0.000215729865417769,1.4,"g",0.000154092761012692,0.124491136584746
"SLV","calcium",0.00364082014032062,1300,"mg",2.80063087716971e-06,0.034380630926169
"SLV","zinc",0.000280184083856293,11,"mg",2.54712803505721e-05,0.135155649705298
"SLV","iron",0.00053532746071571,18,"mg",2.97404144842061e-05,0.141325619193348
"SLV","vita",0.00762981922730791,900,"mcg",8.47757691923101e-06,0.125711148096625
"SLV","vitaminb12",0.00173035720359395,2.4,"mcg",0.000720982168164145,0.136772238964147
"SOM","protein",0.0244716303970135,50,"g",0.00048943260794027,0.138931368707939
"SOM","fattyacids",0.000786512839551753,1.4,"g",0.000561794885394109,0.125040357312452
"SOM","calcium",0.0109208050552506,1300,"mg",8.40061927326967e-06,0.034857879320768
"SOM","zinc",0.000949507482761963,11,"mg",8.63188620692693e-05,0.135669760463581
"SOM","iron",0.00207620442708675,18,"mg",0.000115344690393708,0.14186301067666
"SOM","vita",0.0155677651030878,900,"mcg",1.72975167812086e-05,0.126087831616304
"SOM","vitaminb12",0.00900943820562759,2.4,"mcg",0.00375393258567816,0.13736362983789
"SRB","protein",0,50,"g",0,0.138219769706077
"SRB","fattyacids",0,1.4,"g",0,0.124283556262553
"SRB","calcium",0,1300,"mg",0,0.0341419524690986
"SRB","zinc",0,11,"mg",0,0.134940438863953
"SRB","iron",0,18,"mg",0,0.141138920044454
"SRB","vita",0,900,"mcg",0,0.125349086272819
"SRB","vitaminb12",0,2.4,"mcg",0,0.13663165563251
"SSD","protein",0,50,"g",0,0.138219769706077
"SSD","fattyacids",0,1.4,"g",0,0.124283556262553
"SSD","calcium",0,1300,"mg",0,0.0341419524690986
"SSD","zinc",0,11,"mg",0,0.134940438863953
"SSD","iron",0,18,"mg",0,0.141138920044454
"SSD","vita",0,900,"mcg",0,0.125349086272819
"SSD","vitaminb12",0,2.4,"mcg",0,0.13663165563251
"STP","protein",0,50,"g",0,0.138219769706077
"STP","fattyacids",0,1.4,"g",0,0.124283556262553
"STP","calcium",0,1300,"mg",0,0.0341419524690986
"STP","zinc",0,11,"mg",0,0.134940438863953
"STP","iron",0,18,"mg",0,0.141138920044454
"STP","vita",0,900,"mcg",0,0.125349086272819
"STP","vitaminb12",0,2.4,"mcg",0,0.13663165563251
"SUR","protein",-0.0123206959782473,50,"g",-0.000246413919564947,0.137861501996973
"SUR","fattyacids",-0.000222683422716888,1.4,"g",-0.00015905958765492,0.124069285064892
"SUR","calcium",-0.0180737891324005,1300,"mg",-1.39029147172311e-05,0.0329571029194701
"SUR","zinc",-0.000328774416363881,11,"mg",-2.98885833058073e-05,0.134687905537347
"SUR","iron",-0.000175800410398277,18,"mg",-9.76668946657096e-06,0.141077608437251
"SUR","vita",-0.011439117658914,900,"mcg",-1.27101307321266e-05,0.124806259807483
"SUR","vitaminb12",-0.000411604716477139,2.4,"mcg",-0.000171501965198808,0.136598214697748
"SVK","protein",0,50,"g",0,0.138219769706077
"SVK","fattyacids",0,1.4,"g",0,0.124283556262553
"SVK","calcium",0,1300,"mg",0,0.0341419524690986
"SVK","zinc",0,11,"mg",0,0.134940438863953
"SVK","iron",0,18,"mg",0,0.141138920044454
"SVK","vita",0,900,"mcg",0,0.125349086272819
"SVK","vitaminb12",0,2.4,"mcg",0,0.13663165563251
"SVN","protein",0,50,"g",0,0.138219769706077
"SVN","fattyacids",0,1.4,"g",0,0.124283556262553
"SVN","calcium",0,1300,"mg",0,0.0341419524690986
"SVN","zinc",0,11,"mg",0,0.134940438863953
"SVN","iron",0,18,"mg",0,0.141138920044454
"SVN","vita",0,900,"mcg",0,0.125349086272819
"SVN","vitaminb12",0,2.4,"mcg",0,0.13663165563251
"SWE","protein",0.0568264105708174,50,"g",0.00113652821141635,0.13987219810523
"SWE","fattyacids",0.0017901772334815,1.4,"g",0.00127869802391536,0.126006106666912
"SWE","calcium",0.0263484874115771,1300,"mg",2.02680672396747e-05,0.0358692600753955
"SWE","zinc",0.00219217881922609,11,"mg",0.000199288983566008,0.136624262732783
"SWE","iron",0.0047272823424231,18,"mg",0.000262626796801283,0.142787592407966
"SWE","vita",0.0365964233189291,900,"mcg",4.06626925765879e-05,0.127085715592187
"SWE","vitaminb12",0.0203718136024209,2.4,"mcg",0.00848825566767536,0.138286769051733
"SWZ","protein",0,50,"g",0,0.138219769706077
"SWZ","fattyacids",0,1.4,"g",0,0.124283556262553
"SWZ","calcium",0,1300,"mg",0,0.0341419524690986
"SWZ","zinc",0,11,"mg",0,0.134940438863953
"SWZ","iron",0,18,"mg",0,0.141138920044454
"SWZ","vita",0,900,"mcg",0,0.125349086272819
"SWZ","vitaminb12",0,2.4,"mcg",0,0.13663165563251
"SYC","protein",0.0674362341214051,50,"g",0.0013487246824281,0.140180716161692
"SYC","fattyacids",-0.00273295645681614,1.4,"g",-0.00195211175486867,0.12165384163892
"SYC","calcium",0.223229828257174,1300,"mg",0.000171715252505519,0.0487760593260841
"SYC","zinc",-0.00130106704850824,11,"mg",-0.000118278822591658,0.133941082546844
"SYC","iron",-0.0140512852301477,18,"mg",-0.000780626957230427,0.136238437282326
"SYC","vita",0.141696193490394,900,"mcg",0.000157440214989327,0.132073070251083
"SYC","vitaminb12",-0.0751091317514197,2.4,"mcg",-0.0312954715630915,0.130529394228882
"SYR","protein",0,50,"g",0,0.138219769706077
"SYR","fattyacids",0,1.4,"g",0,0.124283556262553
"SYR","calcium",0,1300,"mg",0,0.0341419524690986
"SYR","zinc",0,11,"mg",0,0.134940438863953
"SYR","iron",0,18,"mg",0,0.141138920044454
"SYR","vita",0,900,"mcg",0,0.125349086272819
"SYR","vitaminb12",0,2.4,"mcg",0,0.13663165563251
"TCD","protein",0,50,"g",0,0.138219769706077
"TCD","fattyacids",0,1.4,"g",0,0.124283556262553
"TCD","calcium",0,1300,"mg",0,0.0341419524690986
"TCD","zinc",0,11,"mg",0,0.134940438863953
"TCD","iron",0,18,"mg",0,0.141138920044454
"TCD","vita",0,900,"mcg",0,0.125349086272819
"TCD","vitaminb12",0,2.4,"mcg",0,0.13663165563251
"TGO","protein",0,50,"g",0,0.138219769706077
"TGO","fattyacids",0,1.4,"g",0,0.124283556262553
"TGO","calcium",0,1300,"mg",0,0.0341419524690986
"TGO","zinc",0,11,"mg",0,0.134940438863953
"TGO","iron",0,18,"mg",0,0.141138920044454
"TGO","vita",0,900,"mcg",0,0.125349086272819
"TGO","vitaminb12",0,2.4,"mcg",0,0.13663165563251
"THA","protein",0.110404271977917,50,"g",0.00220808543955835,0.141430163474953
"THA","fattyacids",0.00333402422667317,1.4,"g",0.00238144587619512,0.127491632352666
"THA","calcium",0.0421432092816991,1300,"mg",3.24178532936147e-05,0.0369047025582766
"THA","zinc",0.00416243230996325,11,"mg",0.000378402937269387,0.138137624611045
"THA","iron",0.00878256859814981,18,"mg",0.00048792047767499,0.14420190149544
"THA","vita",0.0646605726383664,900,"mcg",7.1845080709296e-05,0.128417458426904
"THA","vitaminb12",0.0377675139829457,2.4,"mcg",0.0157364641595607,0.139700087359984
"TJK","protein",0,50,"g",0,0.138219769706077
"TJK","fattyacids",0,1.4,"g",0,0.124283556262553
"TJK","calcium",0,1300,"mg",0,0.0341419524690986
"TJK","zinc",0,11,"mg",0,0.134940438863953
"TJK","iron",0,18,"mg",0,0.141138920044454
"TJK","vita",0,900,"mcg",0,0.125349086272819
"TJK","vitaminb12",0,2.4,"mcg",0,0.13663165563251
"TKM","protein",0,50,"g",0,0.138219769706077
"TKM","fattyacids",0,1.4,"g",0,0.124283556262553
"TKM","calcium",0,1300,"mg",0,0.0341419524690986
"TKM","zinc",0,11,"mg",0,0.134940438863953
"TKM","iron",0,18,"mg",0,0.141138920044454
"TKM","vita",0,900,"mcg",0,0.125349086272819
"TKM","vitaminb12",0,2.4,"mcg",0,0.13663165563251
"TLS","protein",0,50,"g",0,0.138219769706077
"TLS","fattyacids",0,1.4,"g",0,0.124283556262553
"TLS","calcium",0,1300,"mg",0,0.0341419524690986
"TLS","zinc",0,11,"mg",0,0.134940438863953
"TLS","iron",0,18,"mg",0,0.141138920044454
"TLS","vita",0,900,"mcg",0,0.125349086272819
"TLS","vitaminb12",0,2.4,"mcg",0,0.13663165563251
"TON","protein",10.3923969446548,50,"g",0.207847938893096,0.440415380411099
"TON","fattyacids",0.482325220166816,1.4,"g",0.344518014404869,0.588388164170402
"TON","calcium",34.8025495587548,1300,"mg",0.0267711919682729,2.31566603513604
"TON","zinc",0.421796411012052,11,"mg",0.0383451282738229,0.458924439813156
"TON","iron",0.523456133311554,18,"mg",0.0290808962950863,0.323697861522633
"TON","vita",11.955448077245,900,"mcg",0.0132838311969389,0.69267725045393
"TON","vitaminb12",2.71558956662757,2.4,"mcg",1.13149565276149,0.357260452878762
"TTO","protein",0.089657173275675,50,"g",0.0017931434655135,0.140826868374114
"TTO","fattyacids",0.00294017678272379,1.4,"g",0.00210012627337413,0.127112663130434
"TTO","calcium",0.125196968479083,1300,"mg",9.63053603685254e-05,0.0423493942307919
"TTO","zinc",0.00331115856938467,11,"mg",0.000301014415398607,0.13748375685595
"TTO","iron",0.00700868457959197,18,"mg",0.000389371365532887,0.143583247193532
"TTO","vita",0.0677326637331454,900,"mcg",7.52585152590504e-05,0.128563239981032
"TTO","vitaminb12",0.0281279823819931,2.4,"mcg",0.0117199926591638,0.138916921048966
"TUN","protein",0.0394513383194136,50,"g",0.000789026766388272,0.139366956571634
"TUN","fattyacids",0.0012349166286165,1.4,"g",0.000882083306154641,0.125471821925968
"TUN","calcium",0.0188155008474575,1300,"mg",1.44734621903519e-05,0.0353754258454799
"TUN","zinc",0.00147259202772799,11,"mg",0.000133872002520726,0.13607154440315
"TUN","iron",0.0031137557337503,18,"mg",0.000172986429652794,0.142224863860183
"TUN","vita",0.0267581845914799,900,"mcg",2.97313162127555e-05,0.126618856476581
"TUN","vitaminb12",0.0130212408560321,2.4,"mcg",0.00542551702334672,0.137689569812187
"TUR","protein",0.00394966957875326,50,"g",7.89933915750653e-05,0.138334620285475
"TUR","fattyacids",0.000124731925249896,1.4,"g",8.90942323213545e-05,0.124403576238373
"TUR","calcium",0.00167385320725784,1300,"mg",1.28757939019834e-06,0.0342516839816351
"TUR","zinc",0.000153466489178274,11,"mg",1.39514990162067e-05,0.135058317266608
"TUR","iron",0.000338631976443084,18,"mg",1.88128875801713e-05,0.14125702028483
"TUR","vita",0.00250038934695273,900,"mcg",2.77821038550303e-06,0.125467738563288
"TUR","vitaminb12",0.00149935025675135,2.4,"mcg",0.000624729273646396,0.136753470743255
"TUV","protein",-158.905349205744,50,"g",-3.17810698411488,-4.48251395546435
"TUV","fattyacids",-4.64359996138932,1.4,"g",-3.31685711527809,-4.34389693534874
"TUV","calcium",-61.6743393650736,1300,"mg",-0.0474417995115951,-4.00899547073709
"TUV","zinc",-5.86577481742417,11,"mg",-0.53325225612947,-4.37059148222643
"TUV","iron",-13.0263664465791,18,"mg",-0.723687024809953,-4.4018963382299
"TUV","vita",-98.1479388673243,900,"mcg",-0.109053265408138,-4.53211666624376
"TUV","vitaminb12",-55.3779689963625,2.4,"mcg",-23.0741537484844,-4.3625661774115
"TZA","protein",0.000319815345146897,50,"g",6.39630690293793e-06,0.138229069465704
"TZA","fattyacids",1.10287571675075e-05,1.4,"g",7.87768369107682e-06,0.124294168390651
"TZA","calcium",0.00016909087596434,1300,"mg",1.30069904587954e-07,0.0341530374301306
"TZA","zinc",1.29733834330935e-05,11,"mg",1.17939849391759e-06,0.134950403786747
"TZA","iron",2.76583879079143e-05,18,"mg",1.53657710599524e-06,0.141148566098246
"TZA","vita",0.000207074744144729,900,"mcg",2.30083049049699e-07,0.12535891269954
"TZA","vitaminb12",0.000122948394627073,2.4,"mcg",5.12284977612803e-05,0.136641644607561
"UGA","protein",0,50,"g",0,0.138219769706077
"UGA","fattyacids",0,1.4,"g",0,0.124283556262553
"UGA","calcium",0,1300,"mg",0,0.0341419524690986
"UGA","zinc",0,11,"mg",0,0.134940438863953
"UGA","iron",0,18,"mg",0,0.141138920044454
"UGA","vita",0,900,"mcg",0,0.125349086272819
"UGA","vitaminb12",0,2.4,"mcg",0,0.13663165563251
"UKR","protein",0.00334252955820779,50,"g",6.68505911641558e-05,0.138316965547086
"UKR","fattyacids",0.000107270418455612,1.4,"g",7.66217274682944e-05,0.12438677436813
"UKR","calcium",0.00181379898106838,1300,"mg",1.39522998543722e-06,0.0342608582995303
"UKR","zinc",0.000130601849992032,11,"mg",1.18728954538211e-05,0.135040754819203
"UKR","iron",0.00027642129604717,18,"mg",1.53567386692872e-05,0.141235323880415
"UKR","vita",0.00216380993270536,900,"mcg",2.40423325856151e-06,0.125451766683359
"UKR","vitaminb12",0.001194372807972,2.4,"mcg",0.000497655336654998,0.136728692769242
"URY","protein",-0.000747637340909054,50,"g",-1.49527468181811e-05,0.138198029512354
"URY","fattyacids",-1.51179726592624e-05,1.4,"g",-1.07985518994732e-05,0.124269009395668
"URY","calcium",-0.000657444207218361,1300,"mg",-5.05726313244893e-07,0.0340988529028083
"URY","zinc",-1.55613816980427e-05,11,"mg",-1.41467106345842e-06,0.134928486086331
"URY","iron",-2.68220376255611e-05,18,"mg",-1.49011320142006e-06,0.1411295656736
"URY","vita",-0.00086956757621726,900,"mcg",-9.66186195796955e-07,0.125307822225378
"URY","vitaminb12",-0.000217122357726868,2.4,"mcg",-9.04676490528615e-05,0.136614015468757
"USA","protein",0.0787918921615668,50,"g",0.00157583784323134,0.140510921987612
"USA","fattyacids",0.00217507625629256,1.4,"g",0.00155362589735183,0.126376465509031
"USA","calcium",0.0468707123465,1300,"mg",3.60543941126923e-05,0.0372146198554279
"USA","zinc",0.00268506779432126,11,"mg",0.000244097072211024,0.137002853299241
"USA","iron",0.00549302785356917,18,"mg",0.000305168214087176,0.143054651443213
"USA","vita",0.0526186969541315,900,"mcg",5.84652188379239e-05,0.127846028968042
"USA","vitaminb12",0.0212816359246584,2.4,"mcg",0.008867348301941,0.138360687808503
"UZB","protein",0,50,"g",0,0.138219769706077
"UZB","fattyacids",0,1.4,"g",0,0.124283556262553
"UZB","calcium",0,1300,"mg",0,0.0341419524690986
"UZB","zinc",0,11,"mg",0,0.134940438863953
"UZB","iron",0,18,"mg",0,0.141138920044454
"UZB","vita",0,900,"mcg",0,0.125349086272819
"UZB","vitaminb12",0,2.4,"mcg",0,0.13663165563251
"VCT","protein",0.00787914688662124,50,"g",0.000157582937732425,0.13844888370335
"VCT","fattyacids",0.000305322763409748,1.4,"g",0.00021808768814982,0.124577344966674
"VCT","calcium",0.00259963997614627,1300,"mg",1.99972305857405e-06,0.0343123750756904
"VCT","zinc",0.000379691967064604,11,"mg",3.45174515513277e-05,0.135232082224129
"VCT","iron",0.000916823832799224,18,"mg",5.09346573777347e-05,0.141458668687725
"VCT","vita",0.00369405123407469,900,"mcg",4.1045013711941e-06,0.125524382028485
"VCT","vitaminb12",0.00449771262990851,2.4,"mcg",0.00187404692912854,0.136997073492444
"VEN","protein",0.00827095847717466,50,"g",0.000165419169543493,0.138460277007851
"VEN","fattyacids",0.000224904641750067,1.4,"g",0.000160646172678619,0.124499964769121
"VEN","calcium",0.00361120621094092,1300,"mg",2.77785093149301e-06,0.034378689548485
"VEN","zinc",0.000295087219802831,11,"mg",2.68261108911665e-05,0.13516709688096
"VEN","iron",0.000618726743722168,18,"mg",3.43737079845649e-05,0.141354705269252
"VEN","vita",0.00542490409561781,900,"mcg",6.02767121735312e-06,0.125606517099463
"VEN","vitaminb12",0.00261217873863714,2.4,"mcg",0.00108840780776547,0.136843882789507
"VNM","protein",0.0170223916884622,50,"g",0.000340447833769244,0.138714755807873
"VNM","fattyacids",0.000406975214448921,1.4,"g",0.000290696581749229,0.124675157332605
"VNM","calcium",0.0123721308686592,1300,"mg",9.51702374512247e-06,0.0349530227754019
"VNM","zinc",0.000541896163214733,11,"mg",4.92632875649757e-05,0.13535667210462
"VNM","iron",0.00102822287454706,18,"mg",5.71234930303925e-05,0.141497519872855
"VNM","vita",0.0125749854718341,900,"mcg",1.39722060798156e-05,0.125945813670759
"VNM","vitaminb12",0.00397772170350598,2.4,"mcg",0.00165738404312749,0.136954826691203
"VUT","protein",-29.3450197054143,50,"g",-0.586900394108285,-0.715090222036462
"VUT","fattyacids",-0.29033740143298,1.4,"g",-0.207383858166415,-0.15508588207292
"VUT","calcium",14.6055066929453,1300,"mg",0.0112350051484195,0.991623966918968
"VUT","zinc",-1.03122750407116,11,"mg",-0.0937479549155604,-0.657150731035283
"VUT","iron",-2.43246101013803,18,"mg",-0.135136722785446,-0.707198655806313
"VUT","vita",-24.1584534450992,900,"mcg",-0.0268427260501102,-1.02105470837452
"VUT","vitaminb12",-7.15565544318755,2.4,"mcg",-2.98152310132814,-0.444731475725986
"WSM","protein",27.2766381270087,50,"g",0.545532762540174,0.931384268778728
"WSM","fattyacids",1.54256080663529,1.4,"g",1.10182914759664,1.60857164322985
"WSM","calcium",75.6748955348623,1300,"mg",0.0582114581037402,4.99510311207074
"WSM","zinc",1.33923270726226,11,"mg",0.121748427932933,1.16361199550378
"WSM","iron",1.66770385644937,18,"mg",0.0926502142471869,0.72276215713673
"WSM","vita",33.5304485585956,900,"mcg",0.0372560539539951,1.71648709314715
"WSM","vitaminb12",10.0041317560988,2.4,"mcg",4.16838823170785,0.949420003314296
"YEM","protein",0.0280006456990311,50,"g",0.000560012913980621,0.139033987279964
"YEM","fattyacids",0.000887546747582776,1.4,"g",0.000633961962559126,0.125137574501833
"YEM","calcium",-0.000822996262699365,1300,"mg",-6.3307404823028e-07,0.0340879999335201
"YEM","zinc",0.00107234154921401,11,"mg",9.74855953830918e-05,0.13576410994419
"YEM","iron",0.00232472888885522,18,"mg",0.000129151604936401,0.14194968529901
"YEM","vita",0.0177721900177238,900,"mcg",1.97468777974709e-05,0.126192439350938
"YEM","vitaminb12",0.0102029930169131,2.4,"mcg",0.00425124709038047,0.137460600516264
"ZAF","protein",-0.00751385617085878,50,"g",-0.000150277123417176,0.138001277825292
"ZAF","fattyacids",-0.0018267163875884,1.4,"g",-0.001304797419706,0.122525847029503
"ZAF","calcium",-0.091289959851474,1300,"mg",-7.02230460395953e-05,0.0281573264992337
"ZAF","zinc",-0.000957819981820615,11,"mg",-8.70745438018741e-05,0.134204732390883
"ZAF","iron",-0.00129617807418819,18,"mg",-7.20098930104551e-05,0.140686868989681
"ZAF","vita",-0.0527414629206782,900,"mcg",-5.86016254674202e-05,0.122846317899632
"ZAF","vitaminb12",-0.0141141287571245,2.4,"mcg",-0.0058808869821352,0.135484949484375
"ZMB","protein",0,50,"g",0,0.138219769706077
"ZMB","fattyacids",0,1.4,"g",0,0.124283556262553
"ZMB","calcium",0,1300,"mg",0,0.0341419524690986
"ZMB","zinc",0,11,"mg",0,0.134940438863953
"ZMB","iron",0,18,"mg",0,0.141138920044454
"ZMB","vita",0,900,"mcg",0,0.125349086272819
"ZMB","vitaminb12",0,2.4,"mcg",0,0.13663165563251
"ZWE","protein",0,50,"g",0,0.138219769706077
"ZWE","fattyacids",0,1.4,"g",0,0.124283556262553
"ZWE","calcium",0,1300,"mg",0,0.0341419524690986
"ZWE","zinc",0,11,"mg",0,0.134940438863953
"ZWE","iron",0,18,"mg",0,0.141138920044454
"ZWE","vita",0,900,"mcg",0,0.125349086272819
"ZWE","vitaminb12",0,2.4,"mcg",0,0.13663165563251
